‚Ññ,Name,Info,Img
#,name,info,img
1,"–í –ö–∞—Ä–∞-–°—É—É –∑–∞–¥–µ—Ä–∂–∞–ª–∏ –º—É–∂—á–∏–Ω—É, —Ä–∞—Å–ø—Ä–æ—Å—Ç—Ä–∞–Ω—è–≤—à–µ–≥–æ –º–∞—Ç–µ—Ä–∏–∞–ª—ã —Ç–µ—Ä—Ä–æ—Ä–∏—Å—Ç–∏—á–µ—Å–∫–æ–π –æ—Ä–≥–∞–Ω–∏–∑–∞—Ü–∏–∏","–í –ö–∞—Ä–∞-–°—É—É –∑–∞–¥–µ—Ä–∂–∞–ª–∏ –º—É–∂—á–∏–Ω—É, —Ä–∞—Å–ø—Ä–æ—Å—Ç—Ä–∞–Ω—è–≤—à–µ–≥–æ –≤ —Å–æ—Ü—Å–µ—Ç—è—Ö –º–∞—Ç–µ—Ä–∏–∞–ª—ã —Ç–µ—Ä—Ä–æ—Ä–∏—Å—Ç–∏—á–µ—Å–∫–æ–π –æ—Ä–≥–∞–Ω–∏–∑–∞—Ü–∏–∏. –û–± —ç—Ç–æ–º —Å–æ–æ–±—â–∏–ª–∏ –≤ –ø—Ä–µ—Å—Å-—Å–ª—É–∂–±–µ –£–í–î –û—à—Å–∫–æ–π –æ–±–ª–∞—Å—Ç–∏.–ò–∑–≤–µ—Å—Ç–Ω–æ, —á—Ç–æ —Å–æ—Ç—Ä—É–¥–Ω–∏–∫–∏ –°–ª—É–∂–±—ã –ø–æ –±–æ—Ä—å–±–µ —Å —ç–∫—Å—Ç—Ä–µ–º–∏–∑–º–æ–º –∏ –Ω–µ–∑–∞–∫–æ–Ω–Ω–æ–π –º–∏–≥—Ä–∞—Ü–∏–µ–π –≤ —Ö–æ–¥–µ –º–æ–Ω–∏—Ç–æ—Ä–∏–Ω–≥–∞ —Å–æ—Ü—Å–µ—Ç–µ–π –æ–±–Ω–∞—Ä—É–∂–∏–ª–∏, —á—Ç–æ –Ω–µ–∏–∑–≤–µ—Å—Ç–Ω—ã–π —Ä–∞—Å–ø—Ä–æ—Å—Ç—Ä–∞–Ω—è–µ—Ç –º–∞—Ç–µ—Ä–∏–∞–ª—ã, –∫–æ—Ç–æ—Ä—ã–µ –∏–º–µ—é—Ç —Å–≤—è–∑—å —Å —Ç–µ—Ä—Ä–æ—Ä–∏—Å—Ç–∏—á–µ—Å–∫–æ–π –æ—Ä–≥–∞–Ω–∏–∑–∞—Ü–∏–µ–π.–ë—ã–ª–∞ –Ω–∞—á–∞—Ç–∞ –¥–æ—Å–ª–µ–¥—Å—Ç–≤–µ–Ω–Ω–∞—è –ø—Ä–æ–≤–µ—Ä–∫–∞. –ù–∞ –æ—Å–Ω–æ–≤–∞–Ω–∏–∏ —Å–æ–±—Ä–∞–Ω–Ω—ã—Ö –º–∞—Ç–µ—Ä–∏–∞–ª–æ–≤ –∏ –∑–∞–∫–ª—é—á–µ–Ω–∏—è —Å–æ–æ—Ç–≤–µ—Ç—Å—Ç–≤—É—é—â–µ–π —ç–∫—Å–ø–µ—Ä—Ç–∏–∑—ã –±—ã–ª–æ —É—Å—Ç–∞–Ω–æ–≤–ª–µ–Ω–æ, —á—Ç–æ —Ä–∞—Å–ø—Ä–æ—Å—Ç—Ä–∞–Ω—è–µ–º—ã–µ –≤ —Å–æ—Ü—Å–µ—Ç—è—Ö –º–∞—Ç–µ—Ä–∏–∞–ª—ã –æ—Ç–Ω–æ—Å—è—Ç—Å—è –∫ —Ç–µ—Ä—Ä–æ—Ä–∏—Å—Ç–∏—á–µ—Å–∫–æ–π –æ—Ä–≥–∞–Ω–∏–∑–∞—Ü–∏–∏ ""–ò—Å–ª–∞–º—Å–∫–æ–µ –¥–≤–∏–∂–µ–Ω–∏–µ –£–∑–±–µ–∫–∏—Å—Ç–∞–Ω–∞"", –¥–µ—è—Ç–µ–ª—å–Ω–æ—Å—Ç—å –∫–æ—Ç–æ—Ä–æ–π –∑–∞–ø—Ä–µ—â–µ–Ω–∞ –Ω–∞ —Ç–µ—Ä—Ä–∏—Ç–æ—Ä–∏–∏ –ö—ã—Ä–≥—ã–∑—Å—Ç–∞–Ω–∞. 






                    –í –ö–∞—Ä–∞-–°—É—É –∑–∞–¥–µ—Ä–∂–∞–ª–∏ –º—É–∂—á–∏–Ω—É, —Ä–∞—Å–ø—Ä–æ—Å—Ç—Ä–∞–Ω—è–≤—à–µ–≥–æ –º–∞—Ç–µ—Ä–∏–∞–ª—ã —Ç–µ—Ä—Ä–æ—Ä–∏—Å—Ç–∏—á–µ—Å–∫–æ–π –æ—Ä–≥–∞–Ω–∏–∑–∞—Ü–∏–∏. –§–æ—Ç–æ: –ø—Ä–µ—Å—Å-—Å–ª—É–∂–±–∞ –£–í–î –û—à—Å–∫–æ–π –æ–±–ª–∞—Å—Ç–∏.                


–í–æ–∑–±—É–∂–¥–µ–Ω–æ —É–≥–æ–ª–æ–≤–Ω–æ–µ –¥–µ–ª–æ –ø–æ —Å—Ç–∞—Ç—å–µ ""–ò–∑–≥–æ—Ç–æ–≤–ª–µ–Ω–∏–µ, —Ä–∞—Å–ø—Ä–æ—Å—Ç—Ä–∞–Ω–µ–Ω–∏–µ —ç–∫—Å—Ç—Ä–µ–º–∏—Å—Ç—Å–∫–∏—Ö –º–∞—Ç–µ—Ä–∏–∞–ª–æ–≤"" –£–ö –ö–†. –ë—ã–ª–∞ —É—Å—Ç–∞–Ω–æ–≤–ª–µ–Ω–∞ –ª–∏—á–Ω–æ—Å—Ç—å –ø–æ–¥–æ–∑—Ä–µ–≤–∞–µ–º–æ–≥–æ - –∏–º –æ–∫–∞–∑–∞–ª—Å—è —É—Ä–æ–∂–µ–Ω–µ—Ü –ë–∞–∑–∞—Ä-–ö–æ—Ä–≥–æ–Ω—Å–∫–æ–≥–æ —Ä–∞–π–æ–Ω–∞ –î–∂–∞–ª–∞–ª-–ê–±–∞–¥—Å–∫–æ–π –æ–±–ª–∞—Å—Ç–∏ –ò. —É. –ò., 2001 –≥–æ–¥–∞ —Ä–æ–∂–¥–µ–Ω–∏—è. –í –Ω–∞—Å—Ç–æ—è—â–µ–µ –≤—Ä–µ–º—è –æ–Ω –∑–∞–¥–µ—Ä–∂–∞–Ω.–ü—Ä–æ–¥–æ–ª–∂–∞—é—Ç—Å—è –ø–æ–∏—Å–∫–∏ –¥—Ä—É–≥–∏—Ö –≥—Ä–∞–∂–¥–∞–Ω, –∫–æ—Ç–æ—Ä—ã–µ –ø—Ä–∏—á–∞—Å—Ç–Ω—ã –∫ —ç—Ç–æ–º—É –¥–µ–ª—É.",
#,name,info,img
1,–í –∏—Ç–∞–ª—å—è–Ω—Å–∫–æ–º —Ä–µ—Å—Ç–æ—Ä–∞–Ω–µ –≤ –û—à–µ –≤—Å–ø—ã—Ö–Ω—É–ª –∫—Ä—É–ø–Ω—ã–π –ø–æ–∂–∞—Ä (–≤–∏–¥–µ–æ),"–í –û—à–µ –≤ –∏—Ç–∞–ª—å—è–Ω—Å–∫–æ–º —Ä–µ—Å—Ç–æ—Ä–∞–Ω–µ –≤—Å–ø—ã—Ö–Ω—É–ª –∫—Ä—É–ø–Ω—ã–π –ø–æ–∂–∞—Ä. –û–± —ç—Ç–æ–º —Å–æ–æ–±—â–∏–ª–∏ –≤ –ø—Ä–µ—Å—Å-—Å–ª—É–∂–±–µ –ú–ß–°.–ò–∑–≤–µ—Å—Ç–Ω–æ, —á—Ç–æ 11 —Ñ–µ–≤—Ä–∞–ª—è –≤ 18:00 –≤ –¥–µ–∂—É—Ä–Ω—É—é —á–∞—Å—Ç—å –ø–æ—Å—Ç—É–ø–∏–ª–∞ –∏–Ω—Ñ–æ—Ä–º–∞—Ü–∏—è –æ –ø–æ–∂–∞—Ä–µ –≤ —Ä–µ—Å—Ç–æ—Ä–∞–Ω–µ –Ω–∞ —É–ª–∏—Ü–µ –ö—É—Ä–º–∞–Ω–¥–∂–∞–Ω –î–∞—Ç–∫–∏. –ù–∞ –º–µ—Å—Ç–æ –≤—ã–µ—Ö–∞–ª–∏ —á–µ—Ç—ã—Ä–µ –ø–æ–∂–∞—Ä–Ω—ã—Ö —Ä–∞—Å—á–µ—Ç–∞.–í 18:50 –ø–æ–∂–∞—Ä —É–¥–∞–ª–æ—Å—å –ª–æ–∫–∞–ª–∏–∑–æ–≤–∞—Ç—å, –∞ –≤ 20:26 –µ–≥–æ –ø–æ–ª–Ω–æ—Å—Ç—å—é –ø–æ—Ç—É—à–∏–ª–∏.–°—É–¥—è –ø–æ –≤–∏–¥–µ–æ, –ø–æ–∂–∞—Ä –≤—Å–ø—ã—Ö–Ω—É–ª –≤ —Ä–µ—Å—Ç–æ—Ä–∞–Ω–µ Basilicco.",
#,name,info,img
1,"–¢–∏–ª–µ–∫–º–∞—Ç –ö—É—Ä–µ–Ω–æ–≤ –∑–∞—è–≤–∏–ª, —á—Ç–æ –Ω–∞ –Ω–µ–≥–æ —Å–æ–≤–µ—Ä—à–∏–ª–∏ –ø–æ–∫—É—à–µ–Ω–∏–µ –≤ –°–®–ê","–ê–∫—Ç–∏–≤–∏—Å—Ç –¢–∏–ª–µ–∫–º–∞—Ç –ö—É—Ä–µ–Ω–æ–≤, –∫–æ—Ç–æ—Ä—ã–π –≤ –Ω–∞—Å—Ç–æ—è—â–µ–µ –≤—Ä–µ–º—è –Ω–∞—Ö–æ–¥–∏—Ç—Å—è –≤ –°–®–ê, —Å–æ–æ–±—â–∏–ª –æ —Å–æ–≤–µ—Ä—à–µ–Ω–Ω–æ–º –ø–æ–∫—É—à–µ–Ω–∏–∏ –Ω–∞ –Ω–µ–≥–æ –Ω–µ–∏–∑–≤–µ—Å—Ç–Ω—ã–º–∏. –ù–∞ —Å–≤–æ–µ–π —Å—Ç—Ä–∞–Ω–∏—Ü–µ –≤ —Å–æ—Ü—Å–µ—Ç—è—Ö –æ–Ω –æ–ø—É–±–ª–∏–∫–æ–≤–∞–ª —Ñ–æ—Ç–æ –∏ –≤–∏–¥–µ–æ —Å –º–µ—Å—Ç–∞ –∏–Ω—Ü–∏–¥–µ–Ω—Ç–∞.–°–æ—Ç—Ä—É–¥–Ω–∏–∫–∞–º –ø–æ–ª–∏—Ü–∏–∏ –æ–Ω —Ä–∞—Å—Å–∫–∞–∑–∞–ª, —á—Ç–æ –µ—Ö–∞–ª –Ω–∞ —Ä–∞–±–æ—Ç—É, –∞ –¥–≤–æ–µ –º—É–∂—á–∏–Ω –Ω–∞ –∞–≤—Ç–æ–º–æ–±–∏–ª–µ, —Å—Ç–æ—è—â–µ–º –≤–¥–æ–ª—å –¥–æ—Ä–æ–≥–∏, –∂–¥–∞–ª–∏ –µ–≥–æ. –ü–æ—Å–ª–µ —á–µ–≥–æ –æ–Ω–∏ –ø–µ—Ä–µ–∫—Ä—ã–ª–∏ –ø—Ä–æ–µ–∑–¥ –∏, —É–≥—Ä–æ–∂–∞—è –æ—Ä—É–∂–∏–µ–º, –∑–∞—Å—Ç–∞–≤–ª—è–ª–∏ –≤—ã–π—Ç–∏ –∏–∑ –º–∞—à–∏–Ω—ã.–¢–∏–ª–µ–∫–º–∞—Ç –ö—É—Ä–µ–Ω–æ–≤ —Ç–∞–∫–∂–µ –ø—Ä–æ–≤–µ–ª –ø–æ–ª—É—á–∞—Å–æ–≤—É—é —Ç—Ä–∞–Ω—Å–ª—è—Ü–∏—é –≤ —Å–æ—Ü—Å–µ—Ç—è—Ö, –≥–¥–µ —Å–æ–æ–±—â–∏–ª –æ –Ω–µ–∫–æ—Ç–æ—Ä—ã—Ö –¥–µ—Ç–∞–ª—è—Ö –ø–æ–∫—É—à–µ–Ω–∏—è. –°—É–¥—è –ø–æ –∑–∞–¥–Ω–µ–º—É —Ñ–æ–Ω—É, —Ç—Ä–∞–Ω—Å–ª—è—Ü–∏—é –æ–Ω –≤–µ–ª –∏–∑ –ø–æ–ª–∏—Ü–µ–π—Å–∫–æ–≥–æ —É—á–∞—Å—Ç–∫–∞.–û–Ω —Ä–∞—Å—Å–∫–∞–∑–∞–ª, —á—Ç–æ –Ω–∞–ø–∞–¥–∞–≤—à–∏—Ö –±—ã–ª–æ –¥–≤–æ–µ - –º—É–∂—á–∏–Ω—ã –∞–∑–∏–∞—Ç—Å–∫–æ–π –≤–Ω–µ—à–Ω–æ—Å—Ç–∏, –∫–æ—Ç–æ—Ä—ã–µ —Ä–∞–∑–≥–æ–≤–∞—Ä–∏–≤–∞–ª–∏ —Å –Ω–∏–º –Ω–∞ —Ä—É—Å—Å–∫–æ–º —è–∑—ã–∫–µ. –ò–∑-–∑–∞ —Ç–µ–º–Ω–æ—Ç—ã –ø–æ–ª–Ω–æ—Å—Ç—å—é —Å–º–æ–≥ —Ä–∞–∑–≥–ª—è–¥–µ—Ç—å –ª–∏—à—å –æ–¥–Ω–æ–≥–æ - –µ–≥–æ –æ–ø–∏—Å–∞–Ω–∏–µ –æ–Ω –ø–µ—Ä–µ–¥–∞–ª —Å–æ—Ç—Ä—É–¥–Ω–∏–∫–∞–º –ø–æ–ª–∏—Ü–∏–∏. –ù–∞–ø–∞–¥–∞–≤—à–∏–µ —è–∫–æ–±—ã –ø–æ–¥—Å—Ç—Ä–µ–ª–∏–ª–∏ –∞–≤—Ç–æ–º–æ–±–∏–ª—å. –û–Ω–∏ —Å–±–µ–∂–∞–ª–∏ –¥–æ –ø—Ä–∏–µ–∑–¥–∞ —Å–æ—Ç—Ä—É–¥–Ω–∏–∫–æ–≤ –ø–æ–ª–∏—Ü–∏–∏.–ö—É—Ä–µ–Ω–æ–≤ —Å—á–∏—Ç–∞–µ—Ç, —á—Ç–æ —Ç–∞–∫–∏–º –æ–±—Ä–∞–∑–æ–º –µ–≥–æ –ø—ã—Ç–∞–ª–∏—Å—å –ø–æ—Ö–∏—Ç–∏—Ç—å. –û–Ω —Ç–∞–∫–∂–µ –∑–∞—è–≤–∏–ª, —á—Ç–æ –≤ –°–®–ê –µ–∂–µ–≥–æ–¥–Ω–æ –ø—Ä–æ–∏—Å—Ö–æ–¥—è—Ç —Ç—ã—Å—è—á–∏ –ø–æ–∫—É—à–µ–Ω–∏–π –∏ —É–±–∏–π—Å—Ç–≤, –æ–¥–Ω–∞–∫–æ, –∫–∞–∫ –æ–Ω —Å—á–∏—Ç–∞–µ—Ç, —ç—Ç–æ –ø–æ–∫—É—à–µ–Ω–∏–µ –Ω–µ –±—ã–ª–æ —Å—Ç–∞–Ω–¥–∞—Ä—Ç–Ω—ã–º —Å–ª—É—á–∞–µ–º, –∞ –±—ã–ª–æ –ø—Ä–µ–¥–Ω–∞–º–µ—Ä–µ–Ω–Ω—ã–º –∏ –∏–º–µ–µ—Ç –ø–æ–ª–∏—Ç–∏—á–µ—Å–∫—É—é –ø–æ–¥–æ–ø–ª–µ–∫—É –∏–∑-–∑–∞ –µ–≥–æ –¥–µ—è—Ç–µ–ª—å–Ω–æ—Å—Ç–∏. –î—Ä—É–≥–∏–µ –¥–µ—Ç–∞–ª–∏ –∏–Ω—Ü–∏–¥–µ–Ω—Ç–∞ –ö—É—Ä–µ–Ω–æ–≤ –Ω–µ —Ä–∞—Å—Å–∫–∞–∑–∞–ª. 






                    –ú–µ—Å—Ç–æ –∏–Ω—Ü–∏–¥–µ–Ω—Ç–∞. –§–æ—Ç–æ: –¢–∏–ª–µ–∫–º–∞—Ç –ö—É—Ä–µ–Ω–æ–≤.                


–û—Ç–º–µ—Ç–∏–º, —á—Ç–æ –ø–æ—Å–ª–µ–¥–Ω–∏–µ –Ω–µ—Å–∫–æ–ª—å–∫–æ –ª–µ—Ç –¢–∏–ª–µ–∫–º–∞—Ç –ö—É—Ä–µ–Ω–æ–≤ –∫—Ä–∏—Ç–∏–∫–æ–≤–∞–ª –¥–µ–π—Å—Ç–≤–∏—è –≤–ª–∞—Å—Ç–µ–π –ö—ã—Ä–≥—ã–∑—Å—Ç–∞–Ω–∞. –í 2021 –≥–æ–¥—É –æ–Ω –≤—ã—Å—Ç—É–ø–∞–ª –ø—Ä–æ—Ç–∏–≤ –∏–∑–º–µ–Ω–µ–Ω–∏—è –ö–æ–Ω—Å—Ç–∏—Ç—É—Ü–∏–∏ –∏ —Ä–∞–∑—Ä–∞–±–æ—Ç–∫–∏ –º–µ—Å—Ç–æ—Ä–æ–∂–¥–µ–Ω–∏—è –ñ–µ—Ç–∏–º-–¢–æ–æ. –í –º–∞—Ä—Ç–µ —Ç–æ–≥–æ –∂–µ –≥–æ–¥–∞ –∞–∫—Ç–∏–≤–∏—Å—Ç–∞ –∑–∞–¥–µ—Ä–∂–∞–ª–∏ –∏ –∑–∞–∫–ª—é—á–∏–ª–∏ –ø–æ–¥ —Å—Ç—Ä–∞–∂—É - —Å—É–¥ –ø—Ä–∏–∑–Ω–∞–ª –µ–≥–æ –≤–∏–Ω–æ–≤–Ω—ã–º –≤ –ø—É–±–ª–∏—á–Ω—ã—Ö –ø—Ä–∏–∑—ã–≤–∞—Ö –∫ –Ω–∞—Å–∏–ª—å—Å—Ç–≤–µ–Ω–Ω–æ–º—É –∑–∞—Ö–≤–∞—Ç—É –≤–ª–∞—Å—Ç–∏ –∏ –Ω–∞–∑–Ω–∞—á–∏–ª –Ω–∞–∫–∞–∑–∞–Ω–∏–µ –≤ –≤–∏–¥–µ –ª–∏—à–µ–Ω–∏—è —Å–≤–æ–±–æ–¥—ã –Ω–∞ 1,5 –≥–æ–¥–∞.–ü–æ —Ç–µ–º–µ:–ò–º–∞–º–∏–¥–∏–Ω –¢–∞—à–æ–≤: –ú–µ–Ω—è –ø–æ—Ö–∏—Ç–∏–ª–∏, –ø—Ä–µ–¥—Å—Ç–∞–≤–∏–ª–∏—Å—å —Å–æ—Ç—Ä—É–¥–Ω–∏–∫–∞–º–∏ –ì–ö–ù–ë,  —Ç—Ä–µ–±–æ–≤–∞–ª–∏ 100 –º–ª–Ω (–≤–∏–¥–µ–æ)–ü–æ—Å–ª–µ –æ—Å–≤–æ–±–æ–∂–¥–µ–Ω–∏—è –∞–∫—Ç–∏–≤–∏—Å—Ç –ø–æ–∫–∏–Ω—É–ª –ö—ã—Ä–≥—ã–∑—Å—Ç–∞–Ω ""–∏–∑-–∑–∞ –ø–æ–ª–∏—Ç–∏—á–µ—Å–∫–∏—Ö –≥–æ–Ω–µ–Ω–∏–π –∏ –æ–ø–∞—Å–∞—è—Å—å —Å–Ω–æ–≤–∞ –æ–∫–∞–∑–∞—Ç—å—Å—è –≤ —Ç—é—Ä—å–º–µ"". –ö—É—Ä–µ–Ω–æ–≤ —è–≤–ª—è–ª—Å—è —á–ª–µ–Ω–æ–º –∫–æ–º–∏—Ç–µ—Ç–∞ –ø–æ –∑–∞—â–∏—Ç–µ –ö–µ–º–ø–∏—Ä-–ê–±–∞–¥–∞ –∏ –≤—ã—Å—Ç—É–ø–∞–ª –ø—Ä–æ—Ç–∏–≤ –ø–µ—Ä–µ–¥–∞—á–∏ –≤–æ–¥–æ—Ö—Ä–∞–Ω–∏–ª–∏—â–∞ –£–∑–±–µ–∫–∏—Å—Ç–∞–Ω—É. –ê–∫—Ç–∏–≤–∏—Å—Ç, –∫—Ä–æ–º–µ —ç—Ç–æ–≥–æ, —É—á–∞—Å—Ç–≤–æ–≤–∞–ª –≤ –∞–∫—Ü–∏—è—Ö –ø—Ä–æ—Ç–µ—Å—Ç–∞ –≤ –ø–æ–¥–¥–µ—Ä–∂–∫—É –∑–∞–¥–µ—Ä–∂–∞–Ω–Ω—ã—Ö –ø–æ –∫–µ–º–ø–∏—Ä-–∞–±–∞–¥—Å–∫–æ–º—É –¥–µ–ª—É, –∫–æ—Ç–æ—Ä—ã–µ –ø—Ä–æ—Ö–æ–¥–∏–ª–∏ –≤ –°–®–ê.10 —è–Ω–≤–∞—Ä—è 2024 –≥–æ–¥–∞ –ì–ö–ù–ë –æ–±—ä—è–≤–∏–ª –≤ —Ä–æ–∑—ã—Å–∫ –¢–∏–ª–µ–∫–º–∞—Ç–∞ –ö—É—Ä–µ–Ω–æ–≤–∞ –∏ —É—á—Ä–µ–¥–∏—Ç–µ–ª—è –∫–æ–º–ø–∞–Ω–∏–∏ KG Group –ò–º–∞–º–∏–¥–∏–Ω–∞ –¢–∞—à–æ–≤–∞. –ü—Ä–∞–≤–æ–æ—Ö—Ä–∞–Ω–∏—Ç–µ–ª—å–Ω—ã–µ –æ—Ä–≥–∞–Ω—ã –ø–æ–¥–æ–∑—Ä–µ–≤–∞—é—Ç –∏—Ö –≤ ""–Ω–∞—Å–∏–ª—å—Å—Ç–≤–µ–Ω–Ω–æ–º –∑–∞—Ö–≤–∞—Ç–µ –≤–ª–∞—Å—Ç–∏"". –¢–∞–∫–∂–µ –≤ –ì–ö–ù–ë –∑–∞—è–≤–ª—è–ª–∏ –æ –∑–∞–¥–µ—Ä–∂–∞–Ω–∏–∏ ""–∞–∫—Ç–∏–≤–Ω—ã—Ö —Å–ø–æ–¥–≤–∏–∂–Ω–∏–∫–æ–≤"" –¢–∞—à–æ–≤–∞ –∏ –ö—É—Ä–µ–Ω–æ–≤–∞.–ü–æ —Ç–µ–º–µ:–í –ë–∏—à–∫–µ–∫–µ –Ω–∞—á–∞–ª–∏—Å—å –∑–∞–¥–µ—Ä–∂–∞–Ω–∏—è —Å—Ç–æ—Ä–æ–Ω–Ω–∏–∫–æ–≤ –¢–∏–ª–µ–∫–º–∞—Ç–∞ –ö—É—Ä–µ–Ω–æ–≤–∞ (—Ñ–æ—Ç–æ)26 —è–Ω–≤–∞—Ä—è –¢–∏–ª–µ–∫–º–∞—Ç –ö—É—Ä–µ–Ω–æ–≤ –≤—ã—Å—Ç—É–ø–∏–ª —Å –≤–∏–¥–µ–æ–æ–±—Ä–∞—â–µ–Ω–∏–µ–º, –≤ –∫–æ—Ç–æ—Ä–æ–º –∑–∞—è–≤–∏–ª, —á—Ç–æ –±–æ–ª—å—à–µ –Ω–µ –±—É–¥–µ—Ç –∫—Ä–∏—Ç–∏–∫–æ–≤–∞—Ç—å –≤–ª–∞—Å—Ç—å. –ü–æ —Å–ª–æ–≤–∞–º –ö—É—Ä–µ–Ω–æ–≤–∞, —Ç–∞–∫–æ–µ —Ä–µ—à–µ–Ω–∏–µ –æ–Ω –ø—Ä–∏–Ω—è–ª –≤ —Å–≤—è–∑–∏ —Å–æ —Å–ª–æ–∂–∏–≤—à–µ–π—Å—è –≤ –µ–≥–æ –∂–∏–∑–Ω–∏ —Å–∏—Ç—É–∞—Ü–∏–µ–π. –û–¥–Ω–∞–∫–æ –≤–æ –≤—Ä–µ–º—è —Ç—Ä–∞–Ω—Å–ª—è—Ü–∏–∏ –≤ —Å–æ—Ü—Å–µ—Ç—è—Ö 11 —Ñ–µ–≤—Ä–∞–ª—è –æ–Ω –∑–∞—è–≤–∏–ª, —á—Ç–æ –ø—Ä–µ–∫—Ä–∞—Ç–∏–ª –∫—Ä–∏—Ç–∏–∫—É –≤–ª–∞—Å—Ç–µ–π –ø–æ—Å–ª–µ —Ç–æ–≥–æ, –∫–∞–∫ –ø—Ä–∞–≤–æ–æ—Ö—Ä–∞–Ω–∏—Ç–µ–ª—å–Ω—ã–µ –æ—Ä–≥–∞–Ω—ã –∑–∞–¥–µ—Ä–∂–∞–ª–∏ –º–ª–∞–¥—à—É—é —Å–µ—Å—Ç—Ä—É –∂–µ–Ω—ã. –û–Ω –¥–æ–±–∞–≤–∏–ª, —á—Ç–æ –≤–ª–∞—Å—Ç–∏ —Å–¥–µ–ª–∞–ª–∏ –≤—Å–µ, —á—Ç–æ–±—ã –∏—Å–ø–æ—Ä—Ç–∏—Ç—å –µ–≥–æ –æ—Ç–Ω–æ—à–µ–Ω–∏—è —Å —Ä–æ–¥—Å—Ç–≤–µ–Ω–Ω–∏–∫–∞–º–∏.",
#,name,info,img
1,"–ü—Ä–æ–≥–Ω–æ–∑ –ø–æ–≥–æ–¥—ã –≤ –ë–∏—à–∫–µ–∫–µ –Ω–∞  –Ω–µ–¥–µ–ª—é, —Å 12 —Ñ–µ–≤—Ä–∞–ª—è","–®—Ç–æ—Ä–º–æ–≤–æ–µ –ø—Ä–µ–¥—É–ø—Ä–µ–∂–¥–µ–Ω–∏–µ–í —Å–≤—è–∑–∏ —Å–æ —Å–ª–æ–∂–∏–≤—à–∏–π—Å—è –º–µ—Ç–µ–æ—Ä–æ–ª–æ–≥–∏—á–µ—Å–∫–æ–π –æ–±—Å—Ç–∞–Ω–æ–≤–∫–æ–π  12 —Ñ–µ–≤—Ä–∞–ª—è –≤ –≥–æ—Ä–Ω—ã—Ö —Ä–∞–π–æ–Ω–∞—Ö –ö—ã—Ä–≥—ã–∑—Å—Ç–∞–Ω–∞, –Ω–∞ –∞–≤—Ç–æ–¥–æ—Ä–æ–≥–∞—Ö –ë–∏—à–∫–µ–∫ - –û—à, 121-138 –∫–º (–ø–µ—Ä–µ–≤–∞–ª –¢–æ–æ-–ê—à—É—É), 198-260 –∫–º (–ø–µ—Ä–µ–≤–∞–ª –ê–ª–∞-–ë–µ–ª—å, —É—â–µ–ª—å–µ –ß—ã—á–∫–∞–Ω), –æ–∂–∏–¥–∞—é—Ç—Å—è —Å—Ö–æ–¥ –ª–∞–≤–∏–Ω, —Å–Ω–µ–∂–Ω—ã–µ –∑–∞–Ω–æ—Å—ã, –Ω–∞–∫–∞—Ç –∏ –≥–æ–ª–æ–ª–µ–¥–Ω—ã–µ —è–≤–ª–µ–Ω–∏—è. –ù–∞ –∞–≤—Ç–æ–¥–æ—Ä–æ–≥–∞—Ö –ø—Ä–∏ –ø—Ä–æ–µ–∑–¥–µ –ª–∞–≤–∏–Ω–æ–æ–ø–∞—Å–Ω—ã—Ö —É—á–∞—Å—Ç–∫–æ–≤ –Ω–µ–æ–±—Ö–æ–¥–∏–º–æ —Å—Ç—Ä–æ–≥–æ —Å–æ–±–ª—é–¥–∞—Ç—å –¥–∏—Å—Ç–∞–Ω—Ü–∏—é –º–µ–∂–¥—É —Ç—Ä–∞–Ω—Å–ø–æ—Ä—Ç–Ω—ã–º–∏ —Å—Ä–µ–¥—Å—Ç–≤–∞–º–∏ –≤ 500 –º–µ—Ç—Ä–æ–≤.–ü–æ —Ç–µ–º–µ:–ë—É–¥–µ—Ç –ª–∏ —Ñ–µ–≤—Ä–∞–ª—å-2024 ‚ùÑÔ∏è —Ç–µ–ø–ª–µ–µ, —á–µ–º –æ–±—ã—á–Ω–æ? –ü—Ä–æ–≥–Ω–æ–∑ –ø–æ–≥–æ–¥—ã –ø–æ –ö—ã—Ä–≥—ã–∑—Å—Ç–∞–Ω—É–ë–∏—à–∫–µ–∫12 —Ñ–µ–≤—Ä–∞–ª—è, –ø–æ–Ω–µ–¥–µ–ª—å–Ω–∏–∫ –ù–æ—á—å—é -1...+1 ¬∞C, –±–µ–∑ –æ—Å–∞–¥–∫–æ–≤. –í–µ—Ç–µ—Ä –∑–∞–ø–∞–¥–Ω—ã–π 4-9 –º/—Å —Å —É—Å–∏–ª–µ–Ω–∏–µ–º –¥–æ 14 –º/—Å.–î–Ω–µ–º +2...+4 ¬∞C, —É—Ç—Ä–æ–º –∏ –≤ –ø–µ—Ä–≤–æ–π –ø–æ–ª–æ–≤–∏–Ω–µ –¥–Ω—è –≤–æ–∑–º–æ–∂–µ–Ω —Å–ª–∞–±—ã–π –¥–æ–∂–¥—å, –≤–æ –≤—Ç–æ—Ä–æ–π –ø–æ–ª–æ–≤–∏–Ω–µ –¥–Ω—è –¥–æ–∂–¥—å, —Å–Ω–µ–≥. –£—Ç—Ä–æ–º –∏ –¥–Ω–µ–º —Ç—É–º–∞–Ω. –í–µ—Ç–µ—Ä –∑–∞–ø–∞–¥–Ω—ã–π 4-9 –º/—Å. 13 —Ñ–µ–≤—Ä–∞–ª—è, –≤—Ç–æ—Ä–Ω–∏–∫ –ù–æ—á—å—é 0...-2 ¬∞C, —Å–Ω–µ–≥. –í–µ—Ç–µ—Ä –∑–∞–ø–∞–¥–Ω—ã–π 4-9 –º/—Å. –î–Ω–µ–º +7...+9 ¬∞C, –±–µ–∑ –æ—Å–∞–¥–∫–æ–≤. –í–µ—Ç–µ—Ä –∑–∞–ø–∞–¥–Ω—ã–π 4-9 –º/—Å. –ü–æ —Ç–µ–º–µ:+25 (!) üåû –∏ -34 ‚ùÑÔ∏è  –¢–µ–º–ø–µ—Ä–∞—Ç—É—Ä–Ω—ã–µ —Ä–µ–∫–æ—Ä–¥—ã —Ñ–µ–≤—Ä–∞–ª—è –≤ –ë–∏—à–∫–µ–∫–µ (–≥—Ä–∞—Ñ–∏–∫–∏)  14 —Ñ–µ–≤—Ä–∞–ª—è, —Å—Ä–µ–¥–∞ –ù–æ—á—å—é 0...+2 ¬∞C, –±–µ–∑ –æ—Å–∞–¥–∫–æ–≤. –í–µ—Ç–µ—Ä –∑–∞–ø–∞–¥–Ω—ã–π 4-9 –º/—Å. –î–Ω–µ–º +11...+13 ¬∞C, –±–µ–∑ –æ—Å–∞–¥–∫–æ–≤. –í–µ—Ç–µ—Ä –∑–∞–ø–∞–¥–Ω—ã–π 4-9 –º/—Å.  15 —Ñ–µ–≤—Ä–∞–ª—è, —á–µ—Ç–≤–µ—Ä–≥ –ù–æ—á—å—é +2...+4 ¬∞C, –±–µ–∑ –æ—Å–∞–¥–∫–æ–≤. –í–µ—Ç–µ—Ä –∑–∞–ø–∞–¥–Ω—ã–π 4-9 –º/—Å. –î–Ω–µ–º +13...+15 ¬∞C, –±–µ–∑ –æ—Å–∞–¥–∫–æ–≤. –í–µ—Ç–µ—Ä –∑–∞–ø–∞–¥–Ω—ã–π 4-9 –º/—Å.  16 —Ñ–µ–≤—Ä–∞–ª—è, –ø—è—Ç–Ω–∏—Ü–∞ –ù–æ—á—å—é +2...+4 ¬∞C, –±–µ–∑ –æ—Å–∞–¥–∫–æ–≤. –í–µ—Ç–µ—Ä –∑–∞–ø–∞–¥–Ω—ã–π 4-9 –º/—Å. –î–Ω–µ–º +4...+6 ¬∞C, –¥–æ–∂–¥—å. –í–µ—Ç–µ—Ä –∑–∞–ø–∞–¥–Ω—ã–π 4-9 –º/—Å.  17 —Ñ–µ–≤—Ä–∞–ª—è, —Å—É–±–±–æ—Ç–∞–ù–æ—á—å—é -6...-8 ¬∞C, –≤—Ä–µ–º–µ–Ω–∞–º–∏ —Å–Ω–µ–≥. –í–µ—Ç–µ—Ä –∑–∞–ø–∞–¥–Ω—ã–π 4-9 –º/—Å. –î–Ω–µ–º -2...-4 ¬∞C, –≤—Ä–µ–º–µ–Ω–∞–º–∏ —Å–Ω–µ–≥. –í–µ—Ç–µ—Ä –∑–∞–ø–∞–¥–Ω—ã–π 4-9 –º/—Å.  18 —Ñ–µ–≤—Ä–∞–ª—è, –≤–æ—Å–∫—Ä–µ—Å–µ–Ω—å–µ–ù–æ—á—å—é -9...-11 ¬∞C, –≤—Ä–µ–º–µ–Ω–∞–º–∏ —Å–Ω–µ–≥. –í–µ—Ç–µ—Ä –∑–∞–ø–∞–¥–Ω—ã–π 4-9 –º/—Å. –î–Ω–µ–º -1...-3 ¬∞C, –≤—Ä–µ–º–µ–Ω–∞–º–∏ —Å–Ω–µ–≥. –í–µ—Ç–µ—Ä –∑–∞–ø–∞–¥–Ω—ã–π 4-9 –º/—Å. –û—Ä–∏–µ–Ω—Ç–∏—Ä–æ–≤–æ—á–Ω—ã–π –ø—Ä–æ–≥–Ω–æ–∑ –ø–æ–≥–æ–¥—ã –ø–æ –ö—ã—Ä–≥—ã–∑—Å—Ç–∞–Ω—É –Ω–∞ 19-20 —Ñ–µ–≤—Ä–∞–ª—è 19 —Ñ–µ–≤—Ä–∞–ª—è –º–µ—Å—Ç–∞–º–∏ —Å–Ω–µ–≥. –î–Ω–µ–º –±–µ–∑ –æ—Å–∞–¥–∫–æ–≤. 20 —Ñ–µ–≤—Ä–∞–ª—è –±–µ–∑ –æ—Å–∞–¥–∫–æ–≤. –¢–µ–º–ø–µ—Ä–∞—Ç—É—Ä–∞ –≤–æ–∑–¥—É—Ö–∞ —Å—É—â–µ—Å—Ç–≤–µ–Ω–Ω–æ –Ω–µ –∏–∑–º–µ–Ω–∏—Ç—Å—è.–ü—Ä–æ–≥–Ω–æ–∑ –ø–æ–≥–æ–¥—ã –Ω–∞ 12-18 —Ñ–µ–≤—Ä–∞–ª—è –ß—É–π—Å–∫–∞—è –æ–±–ª–∞—Å—Ç—å 12 —Ñ–µ–≤—Ä–∞–ª—è –Ω–æ—á—å—é –º–µ—Å—Ç–∞–º–∏ –¥–æ–∂–¥—å, —Å–Ω–µ–≥, –≤ –≥–æ—Ä–Ω—ã—Ö —Ä–∞–π–æ–Ω–∞—Ö —Å–Ω–µ–≥. –î–Ω–µ–º –Ω–∞ –±–æ–ª—å—à–µ–π —á–∞—Å—Ç–∏ —Ç–µ—Ä—Ä–∏—Ç–æ—Ä–∏–∏ –¥–æ–∂–¥—å, —Å–Ω–µ–≥. –£—Ç—Ä–æ–º –∏ –¥–Ω–µ–º –º–µ—Å—Ç–∞–º–∏ —Ç—É–º–∞–Ω. 13 —Ñ–µ–≤—Ä–∞–ª—è –Ω–æ—á—å—é –∏ —É—Ç—Ä–æ–º –Ω–∞ –±–æ–ª—å—à–µ–π —á–∞—Å—Ç–∏ —Ç–µ—Ä—Ä–∏—Ç–æ—Ä–∏–∏ —Å–Ω–µ–≥. –î–Ω–µ–º –±–µ–∑ –æ—Å–∞–¥–∫–æ–≤. 14-15 —Ñ–µ–≤—Ä–∞–ª—è –∏ 16 —Ñ–µ–≤—Ä–∞–ª—è –Ω–æ—á—å—é –±–µ–∑ –æ—Å–∞–¥–∫–æ–≤. 16 —Ñ–µ–≤—Ä–∞–ª—è –¥–Ω–µ–º –Ω–∞ –±–æ–ª—å—à–µ–π —á–∞—Å—Ç–∏ —Ç–µ—Ä—Ä–∏—Ç–æ—Ä–∏–∏ –¥–æ–∂–¥—å, —Å–Ω–µ–≥.17 —Ñ–µ–≤—Ä–∞–ª—è –Ω–æ—á—å—é –Ω–∞ –±–æ–ª—å—à–µ–π —á–∞—Å—Ç–∏ —Ç–µ—Ä—Ä–∏—Ç–æ—Ä–∏–∏ –≤—Ä–µ–º–µ–Ω–∞–º–∏ —Å–Ω–µ–≥. 17 —Ñ–µ–≤—Ä–∞–ª—è –¥–Ω–µ–º –∏ 18 —Ñ–µ–≤—Ä–∞–ª—è –Ω–æ—á—å—é –º–µ—Å—Ç–∞–º–∏ —Å–Ω–µ–≥. 18 —Ñ–µ–≤—Ä–∞–ª—è –¥–Ω–µ–º –º–µ—Å—Ç–∞–º–∏ –¥–æ–∂–¥—å, —Å–Ω–µ–≥. –ù–∞ –¥–æ—Ä–æ–≥–∞—Ö —Å–Ω–µ–∂–Ω—ã–π –Ω–∞–∫–∞—Ç, –≥–æ–ª–æ–ª–µ–¥–∏—Ü–∞. –í–µ—Ç–µ—Ä –∑–∞–ø–∞–¥–Ω—ã–π 4-9 –º/—Å, 12 —Ñ–µ–≤—Ä–∞–ª—è –Ω–æ—á—å—é –∏ 16 —Ñ–µ–≤—Ä–∞–ª—è –º–µ—Å—Ç–∞–º–∏ —Å —É—Å–∏–ª–µ–Ω–∏–µ–º –¥–æ 15-20 –º/—Å.–°–≤–µ—Ä–Ω—É—Ç—å –¢–∞–ª–∞—Å—Å–∫–∞—è –æ–±–ª–∞—Å—Ç—å 12 —Ñ–µ–≤—Ä–∞–ª—è –Ω–æ—á—å—é –±–µ–∑ –æ—Å–∞–¥–∫–æ–≤. –î–Ω–µ–º –Ω–∞ –±–æ–ª—å—à–µ–π —á–∞—Å—Ç–∏ —Ç–µ—Ä—Ä–∏—Ç–æ—Ä–∏–∏ —Å–Ω–µ–≥. –£—Ç—Ä–æ–º –∏ –¥–Ω–µ–º –º–µ—Å—Ç–∞–º–∏ —Ç—É–º–∞–Ω. 13 —Ñ–µ–≤—Ä–∞–ª—è –Ω–æ—á—å—é –∏ —É—Ç—Ä–æ–º –º–µ—Å—Ç–∞–º–∏ —Å–Ω–µ–≥. –î–Ω–µ–º –±–µ–∑ –æ—Å–∞–¥–∫–æ–≤. 14-15 —Ñ–µ–≤—Ä–∞–ª—è –∏ 16 —Ñ–µ–≤—Ä–∞–ª—è –Ω–æ—á—å—é –±–µ–∑ –æ—Å–∞–¥–∫–æ–≤. 16 —Ñ–µ–≤—Ä–∞–ª—è –¥–Ω–µ–º –Ω–∞ –±–æ–ª—å—à–µ–π —á–∞—Å—Ç–∏ —Ç–µ—Ä—Ä–∏—Ç–æ—Ä–∏–∏ –¥–æ–∂–¥—å, —Å–Ω–µ–≥.17 —Ñ–µ–≤—Ä–∞–ª—è –Ω–æ—á—å—é –Ω–∞ –±–æ–ª—å—à–µ–π —á–∞—Å—Ç–∏ —Ç–µ—Ä—Ä–∏—Ç–æ—Ä–∏–∏ –≤—Ä–µ–º–µ–Ω–∞–º–∏ —Å–Ω–µ–≥. 17 —Ñ–µ–≤—Ä–∞–ª—è –¥–Ω–µ–º –∏ 18 —Ñ–µ–≤—Ä–∞–ª—è –º–µ—Å—Ç–∞–º–∏ —Å–Ω–µ–≥. –ù–∞ –¥–æ—Ä–æ–≥–∞—Ö —Å–Ω–µ–∂–Ω—ã–π –Ω–∞–∫–∞—Ç, –≥–æ–ª–æ–ª–µ–¥–∏—Ü–∞. –í–µ—Ç–µ—Ä –∑–∞–ø–∞–¥–Ω—ã–π 4-9 –º/—Å, 12 —Ñ–µ–≤—Ä–∞–ª—è –Ω–æ—á—å—é –∏ 16 —Ñ–µ–≤—Ä–∞–ª—è –º–µ—Å—Ç–∞–º–∏ —Å —É—Å–∏–ª–µ–Ω–∏–µ–º –¥–æ 15-20 –º/—Å.–°–≤–µ—Ä–Ω—É—Ç—å –û—à—Å–∫–∞—è –æ–±–ª–∞—Å—Ç—å 12 —Ñ–µ–≤—Ä–∞–ª—è –Ω–æ—á—å—é –±–µ–∑ –æ—Å–∞–¥–∫–æ–≤. –î–Ω–µ–º –≤ –ø—Ä–µ–¥–≥–æ—Ä–Ω—ã—Ö —Ä–∞–π–æ–Ω–∞—Ö –¥–æ–∂–¥—å, –≤ –≥–æ—Ä–Ω—ã—Ö —Ä–∞–π–æ–Ω–∞—Ö —Å–Ω–µ–≥, –≤ –¥–æ–ª–∏–Ω–Ω–æ–π –∑–æ–Ω–µ –±–µ–∑ –æ—Å–∞–¥–∫–æ–≤. 13 —Ñ–µ–≤—Ä–∞–ª—è –Ω–æ—á—å—é –∏ —É—Ç—Ä–æ–º –º–µ—Å—Ç–∞–º–∏ —Å–Ω–µ–≥. –î–Ω–µ–º –±–µ–∑ –æ—Å–∞–¥–∫–æ–≤. 14-15 —Ñ–µ–≤—Ä–∞–ª—è –∏ 16 —Ñ–µ–≤—Ä–∞–ª—è –Ω–æ—á—å—é –±–µ–∑ –æ—Å–∞–¥–∫–æ–≤. 16 —Ñ–µ–≤—Ä–∞–ª—è –¥–Ω–µ–º –º–µ—Å—Ç–∞–º–∏ –¥–æ–∂–¥—å, –≤ –≥–æ—Ä–Ω—ã—Ö —Ä–∞–π–æ–Ω–∞—Ö —Å–Ω–µ–≥.17 —Ñ–µ–≤—Ä–∞–ª—è –Ω–æ—á—å—é –Ω–∞ –±–æ–ª—å—à–µ–π —á–∞—Å—Ç–∏ —Ç–µ—Ä—Ä–∏—Ç–æ—Ä–∏–∏ –≤—Ä–µ–º–µ–Ω–∞–º–∏ —Å–Ω–µ–≥. –î–Ω–µ–º –Ω–∞ –±–æ–ª—å—à–µ–π —á–∞—Å—Ç–∏ —Ç–µ—Ä—Ä–∏—Ç–æ—Ä–∏–∏ –¥–æ–∂–¥—å, –≤ –≥–æ—Ä–Ω—ã—Ö —Ä–∞–π–æ–Ω–∞—Ö —Å–Ω–µ–≥.18 —Ñ–µ–≤—Ä–∞–ª—è –Ω–æ—á—å—é –Ω–∞ –±–æ–ª—å—à–µ–π —á–∞—Å—Ç–∏ —Ç–µ—Ä—Ä–∏—Ç–æ—Ä–∏–∏ —Å–Ω–µ–≥. –î–Ω–µ–º –º–µ—Å—Ç–∞–º–∏ –¥–æ–∂–¥—å, —Å–Ω–µ–≥. –ù–∞ –¥–æ—Ä–æ–≥–∞—Ö —Å–Ω–µ–∂–Ω—ã–π –Ω–∞–∫–∞—Ç, –≥–æ–ª–æ–ª–µ–¥–∏—Ü–∞. –í–µ—Ç–µ—Ä –∑–∞–ø–∞–¥–Ω—ã–π 4-9 –º/—Å, 12 —Ñ–µ–≤—Ä–∞–ª—è –Ω–æ—á—å—é –∏ 16 —Ñ–µ–≤—Ä–∞–ª—è –º–µ—Å—Ç–∞–º–∏ —Å —É—Å–∏–ª–µ–Ω–∏–µ–º –¥–æ 15-20 –º/—Å.–°–≤–µ—Ä–Ω—É—Ç—å –î–∂–∞–ª–∞–ª-–ê–±–∞–¥—Å–∫–∞—è –æ–±–ª–∞—Å—Ç—å 12 —Ñ–µ–≤—Ä–∞–ª—è –Ω–æ—á—å—é –±–µ–∑ –æ—Å–∞–¥–∫–æ–≤. –î–Ω–µ–º –≤ –ø—Ä–µ–¥–≥–æ—Ä–Ω—ã—Ö —Ä–∞–π–æ–Ω–∞—Ö –¥–æ–∂–¥—å, –≤ –≥–æ—Ä–Ω—ã—Ö —Ä–∞–π–æ–Ω–∞—Ö —Å–Ω–µ–≥, –≤ –¥–æ–ª–∏–Ω–Ω–æ–π –∑–æ–Ω–µ –±–µ–∑ –æ—Å–∞–¥–∫–æ–≤. 13 —Ñ–µ–≤—Ä–∞–ª—è –Ω–æ—á—å—é –∏ —É—Ç—Ä–æ–º –º–µ—Å—Ç–∞–º–∏ —Å–Ω–µ–≥. –î–Ω–µ–º –±–µ–∑ –æ—Å–∞–¥–∫–æ–≤. 14-15 —Ñ–µ–≤—Ä–∞–ª—è –∏ 16 —Ñ–µ–≤—Ä–∞–ª—è –Ω–æ—á—å—é –±–µ–∑ –æ—Å–∞–¥–∫–æ–≤. 16 —Ñ–µ–≤—Ä–∞–ª—è –¥–Ω–µ–º –º–µ—Å—Ç–∞–º–∏ –¥–æ–∂–¥—å, –≤ –≥–æ—Ä–Ω—ã—Ö —Ä–∞–π–æ–Ω–∞—Ö —Å–Ω–µ–≥.17 —Ñ–µ–≤—Ä–∞–ª—è –Ω–æ—á—å—é –Ω–∞ –±–æ–ª—å—à–µ–π —á–∞—Å—Ç–∏ —Ç–µ—Ä—Ä–∏—Ç–æ—Ä–∏–∏ –≤—Ä–µ–º–µ–Ω–∞–º–∏ –¥–æ–∂–¥—å, —Å–Ω–µ–≥. –î–Ω–µ–º –Ω–∞ –±–æ–ª—å—à–µ–π —á–∞—Å—Ç–∏ —Ç–µ—Ä—Ä–∏—Ç–æ—Ä–∏–∏ –¥–æ–∂–¥—å, –≤ –≥–æ—Ä–Ω—ã—Ö —Ä–∞–π–æ–Ω–∞—Ö —Å–Ω–µ–≥.18 —Ñ–µ–≤—Ä–∞–ª—è –Ω–æ—á—å—é –Ω–∞ –±–æ–ª—å—à–µ–π —á–∞—Å—Ç–∏ —Ç–µ—Ä—Ä–∏—Ç–æ—Ä–∏–∏ —Å–Ω–µ–≥. –î–Ω–µ–º –º–µ—Å—Ç–∞–º–∏ –¥–æ–∂–¥—å, —Å–Ω–µ–≥. –ù–∞ –¥–æ—Ä–æ–≥–∞—Ö —Å–Ω–µ–∂–Ω—ã–π –Ω–∞–∫–∞—Ç, –≥–æ–ª–æ–ª–µ–¥–∏—Ü–∞. –í–µ—Ç–µ—Ä –∑–∞–ø–∞–¥–Ω—ã–π 4-9 –º/—Å, 12 —Ñ–µ–≤—Ä–∞–ª—è –Ω–æ—á—å—é –∏ 16 —Ñ–µ–≤—Ä–∞–ª—è –º–µ—Å—Ç–∞–º–∏ —Å —É—Å–∏–ª–µ–Ω–∏–µ–º –¥–æ 15-20 –º/—Å.–°–≤–µ—Ä–Ω—É—Ç—å –ë–∞—Ç–∫–µ–Ω—Å–∫–∞—è –æ–±–ª–∞—Å—Ç—å 12 —Ñ–µ–≤—Ä–∞–ª—è –Ω–æ—á—å—é –±–µ–∑ –æ—Å–∞–¥–∫–æ–≤. –î–Ω–µ–º –≤ –ø—Ä–µ–¥–≥–æ—Ä–Ω—ã—Ö —Ä–∞–π–æ–Ω–∞—Ö –¥–æ–∂–¥—å, –≤ –≥–æ—Ä–Ω—ã—Ö —Ä–∞–π–æ–Ω–∞—Ö —Å–Ω–µ–≥, –≤ –¥–æ–ª–∏–Ω–Ω–æ–π –∑–æ–Ω–µ –±–µ–∑ –æ—Å–∞–¥–∫–æ–≤. 13-14 —Ñ–µ–≤—Ä–∞–ª—è –±–µ–∑ –æ—Å–∞–¥–∫–æ–≤. 15 —Ñ–µ–≤—Ä–∞–ª—è –∏ 16 —Ñ–µ–≤—Ä–∞–ª—è –±–µ–∑ –æ—Å–∞–¥–∫–æ–≤. 17 —Ñ–µ–≤—Ä–∞–ª—è –Ω–æ—á—å—é –Ω–∞ –±–æ–ª—å—à–µ–π —á–∞—Å—Ç–∏ —Ç–µ—Ä—Ä–∏—Ç–æ—Ä–∏–∏ –≤—Ä–µ–º–µ–Ω–∞–º–∏ –¥–æ–∂–¥—å, —Å–Ω–µ–≥. –î–Ω–µ–º –Ω–∞ –±–æ–ª—å—à–µ–π —á–∞—Å—Ç–∏ —Ç–µ—Ä—Ä–∏—Ç–æ—Ä–∏–∏ –¥–æ–∂–¥—å, –≤ –≥–æ—Ä–Ω—ã—Ö —Ä–∞–π–æ–Ω–∞—Ö —Å–Ω–µ–≥.18 —Ñ–µ–≤—Ä–∞–ª—è –Ω–æ—á—å—é –Ω–∞ –±–æ–ª—å—à–µ–π —á–∞—Å—Ç–∏ —Ç–µ—Ä—Ä–∏—Ç–æ—Ä–∏–∏ —Å–Ω–µ–≥. –î–Ω–µ–º –º–µ—Å—Ç–∞–º–∏ –¥–æ–∂–¥—å, —Å–Ω–µ–≥. –ù–∞ –¥–æ—Ä–æ–≥–∞—Ö —Å–Ω–µ–∂–Ω—ã–π –Ω–∞–∫–∞—Ç, –≥–æ–ª–æ–ª–µ–¥–∏—Ü–∞. –í–µ—Ç–µ—Ä –∑–∞–ø–∞–¥–Ω—ã–π 4-9 –º/—Å, 12 —Ñ–µ–≤—Ä–∞–ª—è –Ω–æ—á—å—é –∏ 16 —Ñ–µ–≤—Ä–∞–ª—è –º–µ—Å—Ç–∞–º–∏ —Å —É—Å–∏–ª–µ–Ω–∏–µ–º –¥–æ 15-20 –º/—Å.–°–≤–µ—Ä–Ω—É—Ç—å –ò—Å—Å—ã–∫-–ö—É–ª—å—Å–∫–∞—è –æ–±–ª–∞—Å—Ç—å 12 —Ñ–µ–≤—Ä–∞–ª—è –Ω–æ—á—å—é –±–µ–∑ –æ—Å–∞–¥–∫–æ–≤. –î–Ω–µ–º –º–µ—Å—Ç–∞–º–∏ –¥–æ–∂–¥—å,—Å–Ω–µ–≥, –≤ –≥–æ—Ä–Ω—ã—Ö —Ä–∞–π–æ–Ω–∞—Ö —Å–Ω–µ–≥. 13 —Ñ–µ–≤—Ä–∞–ª—è –Ω–æ—á—å—é –∏ —É—Ç—Ä–æ–º –Ω–∞ –±–æ–ª—å—à–µ–π —á–∞—Å—Ç–∏ —Ç–µ—Ä—Ä–∏—Ç–æ—Ä–∏–∏, –¥–Ω–µ–º –º–µ—Å—Ç–∞–º–∏ –¥–æ–∂–¥—å, —Å–Ω–µ–≥, –≤ –≥–æ—Ä–Ω—ã—Ö —Ä–∞–π–æ–Ω–∞—Ö —Å–Ω–µ–≥. 14-15 —Ñ–µ–≤—Ä–∞–ª—è –∏ 16 —Ñ–µ–≤—Ä–∞–ª—è –Ω–æ—á—å—é –±–µ–∑ –æ—Å–∞–¥–∫–æ–≤. 16 —Ñ–µ–≤—Ä–∞–ª—è –¥–Ω–µ–º –Ω–∞ –±–æ–ª—å—à–µ–π —á–∞—Å—Ç–∏ —Ç–µ—Ä—Ä–∏—Ç–æ—Ä–∏–∏ –¥–æ–∂–¥—å, —Å–Ω–µ–≥, –≤ –≥–æ—Ä–Ω—ã—Ö —Ä–∞–π–æ–Ω–∞—Ö —Å–Ω–µ–≥.17 —Ñ–µ–≤—Ä–∞–ª—è –∏ 18 —Ñ–µ–≤—Ä–∞–ª—è –Ω–æ—á—å—é –Ω–∞ –±–æ–ª—å—à–µ–π —á–∞—Å—Ç–∏ —Ç–µ—Ä—Ä–∏—Ç–æ—Ä–∏–∏ —Å–Ω–µ–≥. 18 —Ñ–µ–≤—Ä–∞–ª—è –¥–Ω–µ–º –º–µ—Å—Ç–∞–º–∏ —Å–Ω–µ–≥. –ù–∞ –¥–æ—Ä–æ–≥–∞—Ö —Å–Ω–µ–∂–Ω—ã–π –Ω–∞–∫–∞—Ç, –≥–æ–ª–æ–ª–µ–¥–∏—Ü–∞. –í–µ—Ç–µ—Ä –∑–∞–ø–∞–¥–Ω—ã–π 4-9 –º/—Å, 12 —Ñ–µ–≤—Ä–∞–ª—è –Ω–æ—á—å—é –∏ 13-16 —Ñ–µ–≤—Ä–∞–ª—è –º–µ—Å—Ç–∞–º–∏ —Å —É—Å–∏–ª–µ–Ω–∏–µ–º –¥–æ 15-20 –º/—Å.–°–≤–µ—Ä–Ω—É—Ç—å –ù–∞—Ä—ã–Ω—Å–∫–∞—è –æ–±–ª–∞—Å—Ç—å 12 —Ñ–µ–≤—Ä–∞–ª—è –Ω–æ—á—å—é –±–µ–∑ –æ—Å–∞–¥–∫–æ–≤. –î–Ω–µ–º –º–µ—Å—Ç–∞–º–∏ —Å–Ω–µ–≥. 13 —Ñ–µ–≤—Ä–∞–ª—è –Ω–æ—á—å—é –∏ —É—Ç—Ä–æ–º –Ω–∞ –±–æ–ª—å—à–µ–π —á–∞—Å—Ç–∏ —Ç–µ—Ä—Ä–∏—Ç–æ—Ä–∏–∏, –¥–Ω–µ–º –º–µ—Å—Ç–∞–º–∏ —Å–Ω–µ–≥.14-15 —Ñ–µ–≤—Ä–∞–ª—è –∏ 16 —Ñ–µ–≤—Ä–∞–ª—è –Ω–æ—á—å—é –±–µ–∑ –æ—Å–∞–¥–∫–æ–≤. 16 —Ñ–µ–≤—Ä–∞–ª—è –¥–Ω–µ–º, 17 —Ñ–µ–≤—Ä–∞–ª—è –∏ 18 —Ñ–µ–≤—Ä–∞–ª—è –Ω–æ—á—å—é –Ω–∞ –±–æ–ª—å—à–µ–π —á–∞—Å—Ç–∏ —Ç–µ—Ä—Ä–∏—Ç–æ—Ä–∏–∏ —Å–Ω–µ–≥. 18 —Ñ–µ–≤—Ä–∞–ª—è –¥–Ω–µ–º –º–µ—Å—Ç–∞–º–∏ —Å–Ω–µ–≥. –ù–∞ –¥–æ—Ä–æ–≥–∞—Ö —Å–Ω–µ–∂–Ω—ã–π –Ω–∞–∫–∞—Ç, –≥–æ–ª–æ–ª–µ–¥–∏—Ü–∞. –í–µ—Ç–µ—Ä –∑–∞–ø–∞–¥–Ω—ã–π 4-9 –º/—Å, 12 —Ñ–µ–≤—Ä–∞–ª—è –Ω–æ—á—å—é –∏ 16 —Ñ–µ–≤—Ä–∞–ª—è –º–µ—Å—Ç–∞–º–∏ —Å —É—Å–∏–ª–µ–Ω–∏–µ–º –¥–æ 15-20 –º/—Å. –°–≤–µ—Ä–Ω—É—Ç—å –§–æ—Ç–æ –Ω–∞ –≥–ª–∞–≤–Ω–æ–π —Å—Ç—Ä–∞–Ω–∏—Ü–µ: flomaster.top.",
#,name,info,img
1,–ñ–µ–Ω—Å–∫–∞—è –Ω–∞—Ü–∏–æ–Ω–∞–ª—å–Ω–∞—è —Å–±–æ—Ä–Ω–∞—è –ö—ã—Ä–≥—ã–∑—Å—Ç–∞–Ω–∞ –ø–æ —Ñ—É—Ç–∑–∞–ª—É –∑–∞–≤–æ–µ–≤–∞–ª–∞ –±—Ä–æ–Ω–∑—É —á–µ–º–ø–∏–æ–Ω–∞—Ç–∞ CAFA,"–°–µ–≥–æ–¥–Ω—è, 11 —Ñ–µ–≤—Ä–∞–ª—è, –≤ –î—É—à–∞–Ω–±–µ –ø—Ä–æ—Ö–æ–¥—è—Ç –º–∞—Ç—á–∏ –∑–∞–∫–ª—é—á–∏—Ç–µ–ª—å–Ω–æ–≥–æ —Ç—É—Ä–∞ —á–µ–º–ø–∏–æ–Ω–∞—Ç–∞ –¶–µ–Ω—Ç—Ä–∞–ª—å–Ω–æ-–ê–∑–∏–∞—Ç—Å–∫–æ–π —Ñ—É—Ç–±–æ–ª—å–Ω–æ–π –ê—Å—Å–æ—Ü–∏–∞—Ü–∏–∏ - CAFA Women""s Futsal Championship 2024, –≤ —Ä–∞–º–∫–∞—Ö –∫–æ—Ç–æ—Ä–æ–≥–æ –∂–µ–Ω—Å–∫–∞—è –Ω–∞—Ü–∏–æ–Ω–∞–ª—å–Ω–∞—è —Å–±–æ—Ä–Ω–∞—è –ö—ã—Ä–≥—ã–∑—Å—Ç–∞–Ω–∞ –ø–æ —Ñ—É—Ç–∑–∞–ª—É —Å—ã–≥—Ä–∞–ª–∞ —Å –£–∑–±–µ–∫–∏—Å—Ç–∞–Ω–æ–º. –ö–∞–∫ —Å–æ–æ–±—â–∏–ª–∏ –≤ –ö—ã—Ä–≥—ã–∑—Å–∫–æ–º —Ñ—É—Ç–±–æ–ª—å–Ω–æ–º —Å–æ—é–∑–µ, –≤—Å—Ç—Ä–µ—á–∞ –∑–∞–≤–µ—Ä—à–∏–ª–∞—Å—å –ø—Ä–æ–∏–≥—Ä—ã—à–µ–º –Ω–∞—à–µ–π —Å–±–æ—Ä–Ω–æ–π —Å–æ —Å—á–µ—Ç–æ–º 2:8. 






                    –ñ–µ–Ω—Å–∫–∞—è –Ω–∞—Ü–∏–æ–Ω–∞–ª—å–Ω–∞—è —Å–±–æ—Ä–Ω–∞—è –ö—ã—Ä–≥—ã–∑—Å—Ç–∞–Ω–∞ –ø–æ —Ñ—É—Ç–∑–∞–ª—É –∑–∞–≤–æ–µ–≤–∞–ª–∞ –±—Ä–æ–Ω–∑—É —á–µ–º–ø–∏–æ–Ω–∞—Ç–∞ CAFA. –§–æ—Ç–æ: –ø—Ä–µ—Å—Å-—Å–ª—É–∂–±–∞ –ö–§–°.                


–ù–µ—Å–º–æ—Ç—Ä—è –Ω–∞ —Ä–µ–∑—É–ª—å—Ç–∞—Ç –ø—Ä–µ–¥—Å—Ç–æ—è—â–µ–≥–æ –º–∞—Ç—á–∞ –¢–∞–¥–∂–∏–∫–∏—Å—Ç–∞–Ω - –ò—Ä–∞–Ω, –ø–æ–¥–æ–ø–µ—á–Ω—ã–µ –ö–µ–ª–∫–µ–ª—è –ê–Ω–∞—Ä–±–µ–∫–æ–≤–∞ —Å —à–µ—Å—Ç—å—é –æ—á–∫–∞–º–∏ –æ—Å—Ç–∞—é—Ç—Å—è –Ω–∞ —Ç—Ä–µ—Ç—å–µ–º –º–µ—Å—Ç–µ —Ç—É—Ä–Ω–∏—Ä–Ω–æ–π —Ç–∞–±–ª–∏—Ü—ã –∏ —Å—Ç–∞–Ω–æ–≤—è—Ç—Å—è –æ–±–ª–∞–¥–∞—Ç–µ–ª—è–º–∏ –±—Ä–æ–Ω–∑–æ–≤—ã—Ö –º–µ–¥–∞–ª–µ–π.",
#,name,info,img
1,"–í –†–æ—Å—Å–∏–∏ –º–æ–≥—É—Ç —É—Å–ª–æ–∂–Ω–∏—Ç—å –≤–≤–æ–∑ —ç–ª–µ–∫—Ç—Ä–æ–º–æ–±–∏–ª–µ–π, —Ä–∞—Å—Ç–∞–º–æ–∂–µ–Ω–Ω—ã—Ö –≤ –ö—ã—Ä–≥—ã–∑—Å—Ç–∞–Ω–µ","–° 1 –∞–ø—Ä–µ–ª—è 2024 –≥–æ–¥–∞ —Ä–æ—Å—Å–∏—è–Ω–∞–º –º–æ–∂–µ—Ç –±—ã—Ç—å –∑–∞–ø—Ä–µ—â–µ–Ω–æ –ø–æ–∫—É–ø–∞—Ç—å –∞–≤—Ç–æ–º–æ–±–∏–ª–∏, —Ä–∞—Å—Ç–∞–º–æ–∂–µ–Ω–Ω—ã–µ –≤ –ö—ã—Ä–≥—ã–∑—Å—Ç–∞–Ω–µ –∏ –ö–∞–∑–∞—Ö—Å—Ç–∞–Ω–µ, —á—Ç–æ –ø—Ä–∏–≤–µ–¥–µ—Ç –∫ –∑–Ω–∞—á–∏—Ç–µ–ª—å–Ω–æ–º—É —É–≤–µ–ª–∏—á–µ–Ω–∏—é —Ü–µ–Ω –Ω–∞ –∏–º–ø–æ—Ä—Ç–∏—Ä—É–µ–º—ã–µ –∞–≤—Ç–æ–º–æ–±–∏–ª–∏. –û–∂–∏–¥–∞–µ—Ç—Å—è, —á—Ç–æ –ø—Ä–∞–≤–∏—Ç–µ–ª—å—Å—Ç–≤–æ –≤–≤–µ–¥–µ—Ç –º–µ—Ö–∞–Ω–∏–∑–º, —Å–æ–≥–ª–∞—Å–Ω–æ –∫–æ—Ç–æ—Ä–æ–º—É –±—É–¥–µ—Ç –Ω–∞—á–∏—Å–ª—è—Ç—å—Å—è —Ä–∞–∑–Ω–∏—Ü–∞ –≤ —Ç–∞–º–æ–∂–µ–Ω–Ω—ã—Ö —Å–±–æ—Ä–∞—Ö –ø—Ä–∏ –≤–≤–æ–∑–µ –∞–≤—Ç–æ–º–æ–±–∏–ª–µ–π –≤ –†–æ—Å—Å–∏—é, –ª–∏–±–æ –ø–æ–ª–Ω–æ—Å—Ç—å—é –∑–∞–ø—Ä–µ—Ç–∏—Ç –≤–≤–æ–∑ –∞–≤—Ç–æ, —Ä–∞—Å—Ç–∞–º–æ–∂–µ–Ω–Ω—ã—Ö –ø–æ –ª—å–≥–æ—Ç–Ω–æ–π —Å—Ç–∞–≤–∫–µ. –û–± —ç—Ç–æ–º —Å–æ–æ–±—â–∞—é—Ç —ç–∫—Å–ø–µ—Ä—Ç—ã –∏–∑ Pronline.–≠—Ç–æ —Ä–µ—à–µ–Ω–∏–µ –æ—Å–æ–±–µ–Ω–Ω–æ –∑–∞—Ç—Ä–æ–Ω–µ—Ç —ç–ª–µ–∫—Ç—Ä–æ–º–æ–±–∏–ª–∏ –∏ –≥–∏–±—Ä–∏–¥—ã, –¥–ª—è –∫–æ—Ç–æ—Ä—ã—Ö —Å—Ç–∞–≤–∫–∞ –≤ –ö—ã—Ä–≥—ã–∑—Å—Ç–∞–Ω–µ —Å–æ—Å—Ç–∞–≤–ª—è–µ—Ç 15,25% –æ—Ç —Å—Ç–æ–∏–º–æ—Å—Ç–∏, –≤ —Ç–æ –≤—Ä–µ–º—è –∫–∞–∫ –≤ –†–æ—Å—Å–∏–∏ –æ–Ω–∞ –∑–Ω–∞—á–∏—Ç–µ–ª—å–Ω–æ –≤—ã—à–µ. –ù–∞–ø—Ä–∏–º–µ—Ä, —Å—Ç–æ–∏–º–æ—Å—Ç—å –º–æ–¥–µ–ª–µ–π Zeekr 001 –∏ Li 7 –º–æ–∂–µ—Ç —É–≤–µ–ª–∏—á–∏—Ç—å—Å—è –Ω–∞ 1,5 –º–ª–Ω —Ä—É–±–ª–µ–π. –°–∏—Ç—É–∞—Ü–∏—è –∞–Ω–∞–ª–æ–≥–∏—á–Ω–∞ –∏ –¥–ª—è –∞–≤—Ç–æ–º–æ–±–∏–ª–µ–π —Å –î–í–°, –Ω–∞–ø—Ä–∏–º–µ—Ä, –¥–ª—è Geely Monjaro —Ä–∞–∑–Ω–∏—Ü–∞ –≤ —Ç–∞–º–æ–∂–µ–Ω–Ω—ã—Ö —Å–±–æ—Ä–∞—Ö –º–µ–∂–¥—É –†–§ –∏ –ö—ã—Ä–≥—ã–∑—Å—Ç–∞–Ω–æ–º —Å–æ—Å—Ç–∞–≤–∏—Ç –æ–∫–æ–ª–æ 700 —Ç—ã—Å—è—á —Ä—É–±–ª–µ–π. –£—á–µ—Ç –≤–≤–µ–¥–µ–Ω–Ω–æ–≥–æ —É—Ç–∏–ª—å—Å–±–æ—Ä–∞ –≤ 306 —Ç—ã—Å—è—á —Ä—É–±–ª–µ–π —Å–¥–µ–ª–∞–µ—Ç –≤–≤–æ–∑ –∞–≤—Ç–æ —á–µ—Ä–µ–∑ —ç—Ç–∏ —Å—Ç—Ä–∞–Ω—ã –Ω–µ–∞–∫—Ç—É–∞–ª—å–Ω—ã–º.–ü–æ —Ç–µ–º–µ:–ö–∏—Ç–∞–π –Ω–∞–º–µ—Ä–µ–Ω –Ω–∞—Ä–∞—Å—Ç–∏—Ç—å –ø–æ—Å—Ç–∞–≤–∫–∏ –ø–æ–¥–µ—Ä–∂–∞–Ω–Ω—ã—Ö –∞–≤—Ç–æ –≤ –¶–µ–Ω—Ç—Ä–∞–ª—å–Ω—É—é –ê–∑–∏—é –∏ –†–æ—Å—Å–∏—é–•–æ—Ç—è —Ç–æ—á–Ω–æ –Ω–µ –∏–∑–≤–µ—Å—Ç–Ω–æ, –±—É–¥—É—Ç –ª–∏ –Ω–æ–≤—ã–µ –ø—Ä–∞–≤–∏–ª–∞ –≤–≤–µ–¥–µ–Ω—ã —Å 1 –∞–ø—Ä–µ–ª—è, –ø—Ä–µ–¥—Å–µ–¥–∞—Ç–µ–ª—å –ø—Ä–∞–≤–∏—Ç–µ–ª—å—Å—Ç–≤–∞ –†–§ –ú–∏—Ö–∞–∏–ª –ú–∏—à—É—Å—Ç–∏–Ω —É–∂–µ –ø—Ä–æ–≤–µ–ª –ø–µ—Ä–µ–≥–æ–≤–æ—Ä—ã —Å –∫–æ–ª–ª–µ–≥–∞–º–∏ –∏–∑ –ö–† –∏ –ö–∞–∑–∞—Ö—Å—Ç–∞–Ω–∞ 1-2 —Ñ–µ–≤—Ä–∞–ª—è. –ë—ã–ª–æ –ø–æ—Ä—É—á–µ–Ω–æ –ø—Ä–æ—Ñ–∏–ª—å–Ω—ã–º –≤–µ–¥–æ–º—Å—Ç–≤–∞–º –ø–æ–¥–≥–æ—Ç–æ–≤–∏—Ç—å –Ω–µ–æ–±—Ö–æ–¥–∏–º—ã–µ –º–µ—Ä—ã –∫ —É–∫–∞–∑–∞–Ω–Ω–æ–π –¥–∞—Ç–µ, —á—Ç–æ –º–æ–∂–µ—Ç –≥–æ–≤–æ—Ä–∏—Ç—å –æ –Ω–µ–º–µ–¥–ª–µ–Ω–Ω–æ–º –≤–≤–µ–¥–µ–Ω–∏–∏ –∏–∑–º–µ–Ω–µ–Ω–∏–π –∏–ª–∏ –æ –≤–æ–∑–º–æ–∂–Ω–æ–º –æ–±—ä—è–≤–ª–µ–Ω–∏–∏ –ø–µ—Ä–µ—Ö–æ–¥–Ω–æ–≥–æ –ø–µ—Ä–∏–æ–¥–∞.–ü–æ —Å–ª–æ–≤–∞–º –¥–∏—Ä–µ–∫—Ç–æ—Ä–∞ –º–∞—Ä–∫–µ—Ç–ø–ª–µ–π—Å–∞ CarClick –°–µ—Ä–≥–µ—è –ü–∏–≥–æ–ª–∫–∏–Ω–∞, –µ—Å–ª–∏ –ø—Ä–µ–¥–ª–æ–∂–µ–Ω–∏–µ –±—É–¥–µ—Ç –ø—Ä–∏–Ω—è—Ç–æ, –∞–≤—Ç–æ–º–æ–±–∏–ª—å–Ω—ã–π —Ä—ã–Ω–æ–∫ –†–æ—Å—Å–∏–∏ –ø—Ä–µ—Ç–µ—Ä–ø–∏—Ç –∑–Ω–∞—á–∏—Ç–µ–ª—å–Ω—ã–µ –∏–∑–º–µ–Ω–µ–Ω–∏—è. –í–≤–æ–∑ –∞–≤—Ç–æ–º–æ–±–∏–ª–µ–π —á–µ—Ä–µ–∑ —Å—Ç—Ä–∞–Ω—ã –ï–ê–≠–° —Å—Ç–∞–Ω–µ—Ç –Ω–µ–≤—ã–≥–æ–¥–Ω—ã–º, –∏ –∫–∏—Ç–∞–π—Å–∫–∏–µ –∞–≤—Ç–æ–º–æ–±–∏–ª–∏, –ø—Ä–µ–¥–Ω–∞–∑–Ω–∞—á–µ–Ω–Ω—ã–µ –¥–ª—è –≤–Ω—É—Ç—Ä–µ–Ω–Ω–µ–≥–æ —Ä—ã–Ω–∫–∞ –∏ –≤–≤–æ–∑–∏–º—ã–µ —á–µ—Ä–µ–∑ –ø–∞—Ä–∞–ª–ª–µ–ª—å–Ω—ã–π –∏–º–ø–æ—Ä—Ç, –∏—Å—á–µ–∑–Ω—É—Ç —Å —Ä—ã–Ω–∫–∞. –°–µ–π—á–∞—Å, –ø–æ –µ–≥–æ —Å–ª–æ–≤–∞–º, —Å–∞–º–æ–µ –≤—Ä–µ–º—è –ø—Ä–∏–æ–±—Ä–µ—Å—Ç–∏ –º–∞—à–∏–Ω—É –º–µ—á—Ç—ã, –ø–æ–∫–∞ —Ç–∞–∫–∞—è –≤–æ–∑–º–æ–∂–Ω–æ—Å—Ç—å –µ—â–µ —Å—É—â–µ—Å—Ç–≤—É–µ—Ç.",
#,name,info,img
1,–°—É–¥ –æ—Ç–ø—É—Å—Ç–∏–ª –∂—É—Ä–Ω–∞–ª–∏—Å—Ç–∞ –≠—Ä–º–µ–∫–∞ –ê—Ç—Ç–æ–∫—É—Ä–æ–≤–∞ –ø–æ–¥ –¥–æ–º–∞—à–Ω–∏–π –∞—Ä–µ—Å—Ç,"–°–≤–µ—Ä–¥–ª–æ–≤—Å–∫–∏–π —Ä–∞–π–æ–Ω–Ω—ã–π —Å—É–¥ –ë–∏—à–∫–µ–∫–∞ –æ—Ç–ø—Ä–∞–≤–∏–ª –∂—É—Ä–Ω–∞–ª–∏—Å—Ç–∞ –≠—Ä–º–µ–∫–∞ –ê—Ç—Ç–æ–∫—É—Ä–æ–≤–∞ –ø–æ–¥ –¥–æ–º–∞—à–Ω–∏–π –∞—Ä–µ—Å—Ç. –≠—Ç—É –∏–Ω—Ñ–æ—Ä–º–∞—Ü–∏—é –ø–æ–¥—Ç–≤–µ—Ä–¥–∏–ª–∏ –≤ –ø—Ä–µ—Å—Å-—Å–ª—É–∂–±–µ –ë–∏—à–∫–µ–∫—Å–∫–æ–≥–æ –≥–æ—Ä—Å—É–¥–∞ –∏ —Å–æ–æ–±—â–∏–ª–∏, —á—Ç–æ –æ–± —ç—Ç–æ–º —Ö–æ–¥–∞—Ç–∞–π—Å—Ç–≤–æ–≤–∞–ª —Å–ª–µ–¥–æ–≤–∞—Ç–µ–ª—å –ì–£–í–î –ß—É–π—Å–∫–æ–π –æ–±–ª–∞—Å—Ç–∏.–ñ—É—Ä–Ω–∞–ª–∏—Å—Ç—É –∑–∞–ø—Ä–µ—Ç–∏–ª–∏ –≤—ã–µ–∑–∂–∞—Ç—å –∏–∑ –ë–∏—à–∫–µ–∫–∞ –∏ –°–æ–∫—É–ª—É–∫—Å–∫–æ–≥–æ —Ä–∞–π–æ–Ω–∞ –¥–æ 28 —Ñ–µ–≤—Ä–∞–ª—è. 






                    –≠—Ä–º–µ–∫ –ê—Ç—Ç–æ–∫—É—Ä–æ–≤. –§–æ—Ç–æ –∏–∑ —Å–æ—Ü—Å–µ—Ç–µ–π.                


–ù–∞–ø–æ–º–Ω–∏–º, 9 —Ñ–µ–≤—Ä–∞–ª—è –ì–£–í–î –ß—É–π—Å–∫–æ–π –æ–±–ª–∞—Å—Ç–∏ —Å–æ–æ–±—â–∏–ª–æ –æ –∑–∞–¥–µ—Ä–∂–∞–Ω–∏–∏ –∂—É—Ä–Ω–∞–ª–∏—Å—Ç–∞ –≠—Ä–º–µ–∫–∞ –ê—Ç—Ç–æ–∫—É—Ä–æ–≤–∞. –ü–æ –∏–Ω—Ñ–æ—Ä–º–∞—Ü–∏–∏ –º–∏–ª–∏—Ü–∏–∏, –µ–≥–æ –ø–æ–¥–æ–∑—Ä–µ–≤–∞—é—Ç –≤ –≤—ã–º–æ–≥–∞—Ç–µ–ª—å—Å—Ç–≤–µ 1 –º–ª–Ω —Å–æ–º–æ–≤ —É –¥–æ–ª–∂–Ω–æ—Å—Ç–Ω–æ–≥–æ –ª–∏—Ü–∞ –∏–∑ –ø—Ä–∞–≤–æ–æ—Ö—Ä–∞–Ω–∏—Ç–µ–ª—å–Ω—ã—Ö –æ—Ä–≥–∞–Ω–æ–≤. –ë—ã–ª–æ –≤–æ–∑–±—É–∂–¥–µ–Ω–æ —É–≥–æ–ª–æ–≤–Ω–æ–µ –¥–µ–ª–æ –ø–æ —Å—Ç–∞—Ç—å–µ ""–í—ã–º–æ–≥–∞—Ç–µ–ª—å—Å—Ç–≤–æ"". –û—Ç–º–µ—á–∞–ª–æ—Å—å, —á—Ç–æ –ê—Ç—Ç–æ–∫—É—Ä–æ–≤ –±—ã–ª –∑–∞–¥–µ—Ä–∂–∞–Ω –ø—Ä–∏ –ø–æ–ª—É—á–µ–Ω–∏–∏ 100 —Ç—ã—Å—è—á —Å–æ–º–æ–≤.–ü–æ —Ç–µ–º–µ:–ü–æ–¥–æ–∑—Ä–µ–≤–∞–µ–º–æ–≥–æ –≤ –≤—ã–º–æ–≥–∞—Ç–µ–ª—å—Å—Ç–≤–µ –º–∏–ª–ª–∏–æ–Ω–∞ —Å–æ–º–æ–≤ —É —Å–æ—Ç—Ä—É–¥–Ω–∏–∫–∞ –º–∏–ª–∏—Ü–∏–∏ –∑–∞–¥–µ—Ä–∂–∞–ª–∏ —Å –ø–æ–ª–∏—á–Ω—ã–º–î–æ —ç—Ç–æ–≥–æ –ê—Ç—Ç–æ–∫—É—Ä–æ–≤ –Ω–∞ —Å–≤–æ–µ–π —Å—Ç—Ä–∞–Ω–∏—Ü–µ –≤ Facebook –∑–∞—è–≤–∏–ª, —á—Ç–æ –º–∏–ª–∏—Ü–∏—è –ß—É–π—Å–∫–æ–π –æ–±–ª–∞—Å—Ç–∏ –∏ –°–æ–∫—É–ª—É–∫—Å–∫–æ–≥–æ —Ä–∞–π–æ–Ω–∞ –≥–æ—Ç–æ–≤–∏—Ç –ø—Ä–æ—Ç–∏–≤ –Ω–µ–≥–æ –ø—Ä–æ–≤–æ–∫–∞—Ü–∏—é. –í–æ –≤—Ä–µ–º—è —Ä–∞—Å—Å–º–æ—Ç—Ä–µ–Ω–∏—è –º–µ—Ä—ã –ø—Ä–µ—Å–µ—á–µ–Ω–∏—è –≠—Ä–º–µ–∫ –ê—Ç—Ç–æ–∫—É—Ä–æ–≤ –∑–∞—è–≤–∏–ª, —á—Ç–æ –Ω–µ —Å–æ–≥–ª–∞—Å–µ–Ω —Å –≤—ã–¥–≤–∏–Ω—É—Ç—ã–º –≤ –µ–≥–æ –∞–¥—Ä–µ—Å –æ–±–≤–∏–Ω–µ–Ω–∏–µ–º.",
#,name,info,img
1,–°–∫–æ–ª—å–∫–æ —Å—ç–∫–æ–Ω–æ–º–∏–ª–∏ –≥–æ—Ä–æ–∂–∞–Ω–µ –∑–∞ —Å—á–µ—Ç –±–µ–∑–Ω–∞–ª–∏—á–Ω–æ–π –æ–ø–ª–∞—Ç—ã –≤ –æ–±—â–µ—Å—Ç–≤–µ–Ω–Ω–æ–º —Ç—Ä–∞–Ω—Å–ø–æ—Ä—Ç–µ?,"–í 2024 –≥–æ–¥—É –ë–∏—à–∫–µ–∫ –ø–µ—Ä–µ—à–µ–ª –Ω–∞ –±–µ–∑–Ω–∞–ª–∏—á–Ω—É—é –æ–ø–ª–∞—Ç—É —Å –ø–æ–≤—ã—à–µ–Ω–∏–µ–º —Ç–∞—Ä–∏—Ñ–∞ –≤ –æ–±—â–µ—Å—Ç–≤–µ–Ω–Ω–æ–º –º—É–Ω–∏—Ü–∏–ø–∞–ª—å–Ω–æ–º —Ç—Ä–∞–Ω—Å–ø–æ—Ä—Ç–µ.–ü–æ —Ç–µ–º–µ:–° 30 —è–Ω–≤–∞—Ä—è –ø—Ä–æ–µ–∑–¥ –≤ –±–∏—à–∫–µ–∫—Å–∫–æ–º —Ç—Ä–∞–Ω—Å–ø–æ—Ä—Ç–µ –ø–æ–¥–æ—Ä–æ–∂–∞–µ—Ç. –ö–∞–∫ –∏ —á–µ–º –ø–ª–∞—Ç–∏—Ç—å?–ü–æ –∏–Ω—Ñ–æ—Ä–º–∞—Ü–∏–∏ –ø—Ä–µ—Å—Å-—Å–ª—É–∂–±—ã –º—ç—Ä–∏–∏ –ë–∏—à–∫–µ–∫–∞, —Å 30 —è–Ω–≤–∞—Ä—è –ø–æ 8 —Ñ–µ–≤—Ä–∞–ª—è –ø–∞—Å—Å–∞–∂–∏—Ä—ã –æ–±—â–µ—Å—Ç–≤–µ–Ω–Ω–æ–≥–æ —Ç—Ä–∞–Ω—Å–ø–æ—Ä—Ç–∞ —Å–æ–≤–µ—Ä—à–∏–ª–∏ 443 000 –ø–ª–∞—Ç–µ–∂–µ–π —á–µ—Ä–µ–∑ QR-–∫–æ–¥—ã, –∏–∑ –∫–æ—Ç–æ—Ä—ã—Ö 403 350 —Ç—Ä–∞–Ω–∑–∞–∫—Ü–∏–π ‚Äì –ª—å–≥–æ—Ç–Ω—ã–µ, —Ç–æ –µ—Å—Ç—å —Å –≤–æ–∑–≤—Ä–∞—Ç–æ–º 50% –æ–ø–ª–∞—Ç—ã –¥–ª—è –≥–æ—Ä–æ–∂–∞–Ω (–∫–µ—à–±—ç–∫). –¢–∞–∫–∂–µ –ø–æ –∞–∫—Ü–∏–∏ (11 —Å–æ–º–æ–≤) —á–µ—Ä–µ–∑ –º–æ–±–∏–ª—å–Ω—ã–π –∫–æ—à–µ–ª–µ–∫ —Å–æ—Ç–æ–≤–æ–≥–æ –æ–ø–µ—Ä–∞—Ç–æ—Ä–∞ ‚Äì 70 481 —Ç—Ä–∞–Ω–∑–∞–∫—Ü–∏—è.–ü–æ –¥–∞–Ω–Ω—ã–º –º—ç—Ä–∏–∏, –≤ –¥–µ–Ω–µ–∂–Ω–æ–º —ç–∫–≤–∏–≤–∞–ª–µ–Ω—Ç–µ –≥–æ—Ä–æ–∂–∞–Ω–µ —Å—ç–∫–æ–Ω–æ–º–∏–ª–∏ –±–æ–ª–µ–µ 2,5 –º–ª–Ω —Å–æ–º–æ–≤.",
#,name,info,img
1,–ù–∞ –°–æ–ª–Ω—Ü–µ –ø—Ä–æ–∏–∑–æ—à–ª–∞ –æ–¥–Ω–∞ –∏–∑ —Å–∏–ª—å–Ω–µ–π—à–∏—Ö –≤—Å–ø—ã—à–µ–∫ –∑–∞ –ø–æ—Å–ª–µ–¥–Ω–∏–µ –ø—è—Ç—å –ª–µ—Ç,"–ù–∞ –°–æ–ª–Ω—Ü–µ –ø—Ä–æ–∏–∑–æ—à–ª–∞ –æ–¥–Ω–∞ –∏–∑ –∫—Ä—É–ø–Ω–µ–π—à–∏—Ö –∑–∞ –ø–æ—Å–ª–µ–¥–Ω–∏–µ –ø—è—Ç—å –ª–µ—Ç –≤—Å–ø—ã—à–µ–∫, –Ω–æ –ó–µ–º–ª—é –æ–Ω–∞ –º–æ–∂–µ—Ç –Ω–µ –∑–∞—Ç—Ä–æ–Ω—É—Ç—å. –°–æ–≥–ª–∞—Å–Ω–æ –≥—Ä–∞—Ñ–∏–∫—É –Ω–∞ —Å–∞–π—Ç–µ –ª–∞–±–æ—Ä–∞—Ç–æ—Ä–∏–∏ —Å–æ–ª–Ω–µ—á–Ω–æ–π –∞—Å—Ç—Ä–æ–Ω–æ–º–∏–∏ –ò–ö–ò –†–ê–ù, –≤—Å–ø—ã—à–∫–∞, –∫–æ—Ç–æ—Ä–æ–π –ø—Ä–∏—Å–≤–æ–∏–ª–∏ –±–∞–ª–ª –•3.3, –ø—Ä–æ–¥–ª–∏–ª–∞—Å—å –æ–∫–æ–ª–æ 40 –º–∏–Ω—É—Ç. –û—Ç–º–µ—á–∞–µ—Ç—Å—è, —á—Ç–æ –Ω–∞ –°–æ–ª–Ω—Ü–µ —Ñ–∏–∫—Å–∏—Ä—É—é—Ç—Å—è –º–æ—â–Ω—ã–µ –ø–æ—Ç–æ–∫–∏ –∏–∑–ª—É—á–µ–Ω–∏—è –∏–∑ –æ–±–ª–∞—Å—Ç–∏ –≤—Å–ø—ã—à–∫–∏, –∫–æ—Ç–æ—Ä—ã–µ –º–æ–≥—É—Ç –Ω–∞–±–ª—é–¥–∞—Ç—å—Å—è –¥–æ –¥–≤—É—Ö-—Ç—Ä–µ—Ö —á–∞—Å–æ–≤.–í –ª–∞–±–æ—Ä–∞—Ç–æ—Ä–∏–∏ —É—Ç–æ—á–Ω–∏–ª–∏, —á—Ç–æ –≤–ª–∏—è–Ω–∏–µ —ç—Ç–æ–≥–æ —Å–æ–±—ã—Ç–∏—è –Ω–∞ –ó–µ–º–ª—é –ø—Ä–∞–∫—Ç–∏—á–µ—Å–∫–∏ –∏—Å–∫–ª—é—á–µ–Ω–æ: –≤—Å–ø—ã—à–∫–∞ –ø—Ä–æ–∏–∑–æ—à–ª–∞ –≤ –æ–±–ª–∞—Å—Ç–∏, –Ω–∞—Ö–æ–¥—è—â–µ–π—Å—è –∑–∞ —Å–æ–ª–Ω–µ—á–Ω—ã–º –∫—Ä–∞–µ–º.–ü–æ —Ç–µ–º–µ:–í—Å–ø—ã—à–∫–∞ –∏—Å–∫–ª—é—á–∏—Ç–µ–ª—å–Ω–æ–π —Å–∏–ª—ã –ø—Ä–æ–∏–∑–æ—à–ª–∞ –Ω–∞ –°–æ–ª–Ω—Ü–µ –≤ –Ω–æ–≤–æ–≥–æ–¥–Ω—é—é –Ω–æ—á—å""–ü–æ —ç—Ç–æ–π –ø—Ä–∏—á–∏–Ω–µ –≤–æ–∑–¥–µ–π—Å—Ç–≤–∏–µ –æ–∫–∞–∑–∞–ª–æ—Å—å —ç–∫—Ä–∞–Ω–∏—Ä–æ–≤–∞–Ω–æ —Å–∞–º–∏–º —Å–æ–ª–Ω–µ—á–Ω—ã–º –¥–∏—Å–∫–æ–º. –≠—Ç–æ –¥–æ—Å—Ç–∞—Ç–æ—á–Ω–æ —Ä–µ–¥–∫–æ–µ —è–≤–ª–µ–Ω–∏—è, –∫–æ—Ç–æ—Ä–æ–µ –≤ –¥–∞–Ω–Ω–æ–º —Å–ª—É—á–∞–µ —Å—ã–≥—Ä–∞–ª–æ –Ω–∞ –ø–æ–ª—å–∑—É –ó–µ–º–ª–µ"", - –ø–æ—è—Å–Ω–∏–ª–∏ —É—á–µ–Ω—ã–µ.–≠—Ç–∞ –≤—Å–ø—ã—à–∫–∞ —Å—Ç–∞–ª–∞ –≤—Ç–æ—Ä–æ–π –ø–æ —Å–∏–ª–µ –≤ –Ω—ã–Ω–µ—à–Ω–µ–º —Ü–∏–∫–ª–µ. –ü–µ—Ä–≤–∞—è –ø—Ä–æ–∏–∑–æ—à–ª–∞ –≤ –Ω–æ–≤–æ–≥–æ–¥–Ω—é—é –Ω–æ—á—å, 1 —è–Ω–≤–∞—Ä—è 2024 –≥–æ–¥–∞, –µ–π –ø—Ä–∏—Å–≤–æ–∏–ª–∏ –±–∞–ª–ª X 5.0.–ö–∞–∫ –æ—Ç–º–µ—á–∞–ª–∏ —Å–ø–µ—Ü–∏–∞–ª–∏—Å—Ç—ã, –Ω–∞—Ä–∞—Å—Ç–∞—é—â–∞—è —á–∞—Å—Ç–æ—Ç–∞ —Ç–∞–∫–∏—Ö —è–≤–ª–µ–Ω–∏–π –∏ —Ä–æ—Å—Ç –∏—Ö –º–æ—â–Ω–æ—Å—Ç–∏ –≥–æ–≤–æ—Ä—è—Ç –æ –ø–æ—Å—Ç–µ–ø–µ–Ω–Ω–æ–º –ø—Ä–∏–±–ª–∏–∂–µ–Ω–∏–∏ –°–æ–ª–Ω—Ü–∞ –∫ –ø–∏–∫—É –∞–∫—Ç–∏–≤–Ω–æ—Å—Ç–∏, –∫–æ—Ç–æ—Ä—ã–π, –ø—Ä–µ–¥–ø–æ–ª–æ–∂–∏—Ç–µ–ª—å–Ω–æ, –º–æ–∂–µ—Ç –Ω–∞—Å—Ç—É–ø–∏—Ç—å —É–∂–µ –≤ —Å–µ—Ä–µ–¥–∏–Ω–µ —ç—Ç–æ–≥–æ –≥–æ–¥–∞. –°–æ–≥–ª–∞—Å–Ω–æ –¥—Ä—É–≥–∏–º –ø—Ä–æ–≥–Ω–æ–∑–∞–º, —ç—Ç–æ –ø—Ä–æ–∏–∑–æ–π–¥–µ—Ç –≤ 2025-–º.",
#,name,info,img
1,–†–æ—Å—Å–∏—è–Ω–µ –º–∞—Å—Å–æ–≤–æ —É–µ–∑–∂–∞—é—Ç –∏–∑ –¢—É—Ä—Ü–∏–∏,"–†–æ—Å—Å–∏—è–Ω–µ –º–∞—Å—Å–æ–≤–æ —É–µ–∑–∂–∞—é—Ç –∏–∑ –¢—É—Ä—Ü–∏–∏. –û–± —ç—Ç–æ–º –ø–∏—à–µ—Ç —Ç—É—Ä–µ—Ü–∫–æ–µ –∏–∑–¥–∞–Ω–∏–µ S√∂cz√º.–ü–æ –¥–∞–Ω–Ω—ã–º –∏–∑–¥–∞–Ω–∏—è, —Ç–æ–ª—å–∫–æ –≤ –ê–Ω—Ç–∞–ª—å–µ –∫–æ–ª–∏—á–µ—Å—Ç–≤–æ –∏–Ω–æ—Å—Ç—Ä–∞–Ω—Ü–µ–≤ –∑–∞ –ø–æ—Å–ª–µ–¥–Ω–∏–π –≥–æ–¥ —Å–æ–∫—Ä–∞—Ç–∏–ª–æ—Å—å –Ω–∞ 40 —Ç—ã—Å—è—á. –≠—Ç–æ –ø—Ä–æ–∏–∑–æ—à–ª–æ –ø–æ—Å–ª–µ —Ä–æ—Å—Ç–∞ –∞—Ä–µ–Ω–¥–Ω–æ–π –ø–ª–∞—Ç—ã –∏ —Ü–µ–Ω –Ω–∞ –∂–∏–ª—å–µ.""–°—É—â–µ—Å—Ç–≤—É–µ—Ç –∏–Ω—Ç–µ–Ω—Å–∏–≤–Ω–∞—è –∏–º–º–∏–≥—Ä–∞—Ü–∏—è –∏–∑ –ê–Ω—Ç–∞–ª—å–∏ –≤ –î—É–±–∞–π –∏ –°–µ—Ä–±–∏—é –∏–∑-–∑–∞ —Ç–æ–≥–æ, —á—Ç–æ —Ä–∞–∑—Ä–µ—à–µ–Ω–∏—è –Ω–∞ –ø—Ä–æ–∂–∏–≤–∞–Ω–∏–µ –Ω–µ –ø—Ä–æ–¥–ª–µ–≤–∞—é—Ç—Å—è, –Ω–æ–≤—ã–µ –ø—Ä–∏–±—ã–≤—à–∏–µ –Ω–µ –¥–æ–ø—É—Å–∫–∞—é—Ç—Å—è, –∞ —Ç–∞–∫–∂–µ –∏–∑-–∑–∞ –≤—ã—Å–æ–∫–æ–≥–æ —Ä–æ—Å—Ç–∞ —Ü–µ–Ω –Ω–∞ –∂–∏–ª—å–µ –∏ –∞—Ä–µ–Ω–¥—É"", - —Å–æ–æ–±—â–∞–µ—Ç –∏–∑–¥–∞–Ω–∏–µ.–ü–æ —Ç–µ–º–µ:""–õ–∏—Ä–∞ –ø—Ä–æ–±—É–¥–∏–ª–∞ –Ω–µ–¥–æ–±—Ä–æ–µ"". –°–ú–ò –ø–∏—à—É—Ç –æ–± –æ—Ç–∫–∞–∑–µ —Ç—É—Ä–µ—Ü–∫–∏—Ö –±–∞–Ω–∫–æ–≤ —Ä–∞–±–æ—Ç–∞—Ç—å —Å —Ä–æ—Å—Å–∏–π—Å–∫–∏–º–∏–¢–∞–∫–∂–µ –Ω–∞ —Å–∏—Ç—É–∞—Ü–∏—é –ø–æ–≤–ª–∏—è–ª–æ —É–∂–µ—Å—Ç–æ—á–µ–Ω–∏–µ —Å–æ —Å—Ç–æ—Ä–æ–Ω—ã –º–∏–≥—Ä–∞—Ü–∏–æ–Ω–Ω–æ–π —Å–ª—É–∂–±—ã –¢—É—Ä—Ü–∏–∏. –ò–Ω–æ—Å—Ç—Ä–∞–Ω—Ü–∞–º —Å—Ç–∞–ª–∏ —á–∞—â–µ –æ—Ç–∫–∞–∑—ã–≤–∞—Ç—å –≤ –ø–æ–ª—É—á–µ–Ω–∏–∏ –í–ù–ñ.–ú–Ω–æ–≥–∏–µ —Ä—É—Å—Å–∫–∏–µ –∏ —É–∫—Ä–∞–∏–Ω—Ü—ã –∂–∏–≤—É—Ç –≤ –ê–Ω—Ç–∞–ª—å–µ, –∫–æ—Ç–æ—Ä–∞—è –Ω–∞–∏–±–æ–ª–µ–µ –ø—Ä–µ–¥–ø–æ—á—Ç–∏—Ç–µ–ª—å–Ω–∞ –¥–ª—è –æ—Ç–¥—ã—Ö–∞ –≥—Ä–∞–∂–¥–∞–Ω —Å—Ç—Ä–∞–Ω –°–ù–ì. –ü–æ—Å–ª–µ —Ä–æ—Å—Å–∏–π—Å–∫–æ-—É–∫—Ä–∞–∏–Ω—Å–∫–æ–≥–æ –≤–æ–µ–Ω–Ω–æ–≥–æ –∫–æ–Ω—Ñ–ª–∏–∫—Ç–∞, –Ω–∞—á–∞–≤—à–µ–≥–æ—Å—è –≤ —Ñ–µ–≤—Ä–∞–ª–µ 2022 –≥–æ–¥–∞, –ø—Ä–æ–∏–∑–æ—à–ª–∞ –∏–Ω—Ç–µ–Ω—Å–∏–≤–Ω–∞—è –∏–º–º–∏–≥—Ä–∞—Ü–∏—è –∏–∑ –¥–≤—É—Ö —Å—Ç—Ä–∞–Ω.",
#,name,info,img
1,–°—Ç–æ—è–≤—à–µ–µ –æ–∫–æ–ª–æ 30 –ª–µ—Ç –∑–∞–±—Ä–æ—à–µ–Ω–Ω—ã–º –∑–¥–∞–Ω–∏–µ –Ω–∞ —Ç–µ—Ä—Ä–∏—Ç–æ—Ä–∏–∏ –±–æ–ª—å–Ω–∏—Ü—ã –¥–æ—Å—Ç—Ä–æ—è—Ç. –ß—Ç–æ —Ç–∞–º –±—É–¥–µ—Ç?,"–û–∫–æ–ª–æ 30 –ª–µ—Ç –Ω–∞ —Ç–µ—Ä—Ä–∏—Ç–æ—Ä–∏–∏ –ù–∞—Ü–∏–æ–Ω–∞–ª—å–Ω–æ–≥–æ —Ü–µ–Ω—Ç—Ä–∞ –æ—Ö—Ä–∞–Ω—ã –º–∞—Ç–µ—Ä–∏–Ω—Å—Ç–≤–∞ –∏ –¥–µ—Ç—Å—Ç–≤–∞ —Å—Ç–æ–∏—Ç –∑–∞–±—Ä–æ—à–µ–Ω–Ω–æ–µ –∑–¥–∞–Ω–∏–µ. –ï–≥–æ –¥–æ—Å—Ç—Ä–æ—è—Ç –Ω–∞ –¥–µ–Ω—å–≥–∏ –±–ª–∞–≥–æ—Ç–≤–æ—Ä–∏—Ç–µ–ª—å–Ω–æ–≥–æ —Ñ–æ–Ω–¥–∞ –∏ –æ—Ç–∫—Ä–æ—é—Ç —Ç–∞–º –Ω–µ—Å–∫–æ–ª—å–∫–æ –æ—Ç–¥–µ–ª–µ–Ω–∏–π –±–æ–ª—å–Ω–∏—Ü—ã. –û–± —ç—Ç–æ–º —Å–æ–æ–±—â–∏–ª–∏ –≤ –ø—Ä–µ—Å—Å-—Ü–µ–Ω—Ç—Ä–µ –ú–∏–Ω–∑–¥—Ä–∞–≤–∞.  
slide 3  of 2






                                –°—Ç–æ—è–≤—à–µ–µ –æ–∫–æ–ª–æ 30 –ª–µ—Ç –∑–∞–±—Ä–æ—à–µ–Ω–Ω—ã–º –∑–¥–∞–Ω–∏–µ –Ω–∞ —Ç–µ—Ä—Ä–∏—Ç–æ—Ä–∏–∏ –±–æ–ª—å–Ω–∏—Ü—ã –¥–æ—Å—Ç—Ä–æ—è—Ç. –ß—Ç–æ —Ç–∞–º –±—É–¥–µ—Ç?                             







                                –°—Ç–æ—è–≤—à–µ–µ –æ–∫–æ–ª–æ 30 –ª–µ—Ç –∑–∞–±—Ä–æ—à–µ–Ω–Ω—ã–º –∑–¥–∞–Ω–∏–µ –Ω–∞ —Ç–µ—Ä—Ä–∏—Ç–æ—Ä–∏–∏ –±–æ–ª—å–Ω–∏—Ü—ã –¥–æ—Å—Ç—Ä–æ—è—Ç. –ß—Ç–æ —Ç–∞–º –±—É–¥–µ—Ç?                             








                                –°—Ç–æ—è–≤—à–µ–µ –æ–∫–æ–ª–æ 30 –ª–µ—Ç –∑–∞–±—Ä–æ—à–µ–Ω–Ω—ã–º –∑–¥–∞–Ω–∏–µ –Ω–∞ —Ç–µ—Ä—Ä–∏—Ç–æ—Ä–∏–∏ –±–æ–ª—å–Ω–∏—Ü—ã –¥–æ—Å—Ç—Ä–æ—è—Ç. –ß—Ç–æ —Ç–∞–º –±—É–¥–µ—Ç?                             








                                –°—Ç–æ—è–≤—à–µ–µ –æ–∫–æ–ª–æ 30 –ª–µ—Ç –∑–∞–±—Ä–æ—à–µ–Ω–Ω—ã–º –∑–¥–∞–Ω–∏–µ –Ω–∞ —Ç–µ—Ä—Ä–∏—Ç–æ—Ä–∏–∏ –±–æ–ª—å–Ω–∏—Ü—ã –¥–æ—Å—Ç—Ä–æ—è—Ç. –ß—Ç–æ —Ç–∞–º –±—É–¥–µ—Ç?                             








                                –°—Ç–æ—è–≤—à–µ–µ –æ–∫–æ–ª–æ 30 –ª–µ—Ç –∑–∞–±—Ä–æ—à–µ–Ω–Ω—ã–º –∑–¥–∞–Ω–∏–µ –Ω–∞ —Ç–µ—Ä—Ä–∏—Ç–æ—Ä–∏–∏ –±–æ–ª—å–Ω–∏—Ü—ã –¥–æ—Å—Ç—Ä–æ—è—Ç. –ß—Ç–æ —Ç–∞–º –±—É–¥–µ—Ç?                             







                                –°—Ç–æ—è–≤—à–µ–µ –æ–∫–æ–ª–æ 30 –ª–µ—Ç –∑–∞–±—Ä–æ—à–µ–Ω–Ω—ã–º –∑–¥–∞–Ω–∏–µ –Ω–∞ —Ç–µ—Ä—Ä–∏—Ç–æ—Ä–∏–∏ –±–æ–ª—å–Ω–∏—Ü—ã –¥–æ—Å—Ç—Ä–æ—è—Ç. –ß—Ç–æ —Ç–∞–º –±—É–¥–µ—Ç?                             




1

                         –∏–∑                     
2





–¢–∞–º –ø–æ—è—Å–Ω–∏–ª–∏, —á—Ç–æ –º–∏–Ω–∏—Å—Ç—Ä –∑–¥—Ä–∞–≤–æ–æ—Ö—Ä–∞–Ω–µ–Ω–∏—è –ê–ª—ã–º–∫–∞–¥—ã—Ä –ë–µ–π—à–µ–Ω–∞–ª–∏–µ–≤ —Å–æ–≤–º–µ—Å—Ç–Ω–æ —Å —É—á—Ä–µ–¥–∏—Ç–µ–ª–µ–º –∏ –ø—Ä–µ–¥—Å–µ–¥–∞—Ç–µ–ª–µ–º –ø—Ä–∞–≤–ª–µ–Ω–∏—è –∫—É–≤–µ–π—Ç—Å–∫–æ–≥–æ –±–ª–∞–≥–æ—Ç–≤–æ—Ä–∏—Ç–µ–ª—å–Ω–æ–≥–æ —Ñ–æ–Ω–∞ ""–ê—Å-–°–∞—Ñ–∞"" –ú—É—Ö–∞–º–º–∞–¥–æ–º –ê–±–¥—É—Ä–∞—Ö–º–∞–Ω –ê–ª—å-–®–∞—è –æ—Å–º–æ—Ç—Ä–µ–ª–∏ —Ç—Ä–µ—Ö—ç—Ç–∞–∂–Ω–æ–µ –∑–¥–∞–Ω–∏–µ –ø–ª–æ—â–∞–¥—å—é 11 268 –∫–≤. –º–µ—Ç—Ä–æ–≤. –û–Ω–æ —Å—Ç–æ–∏—Ç –Ω–µ–¥–æ—Å—Ç—Ä–æ–µ–Ω–Ω—ã–º —Å 1995 –≥–æ–¥–∞.–ü–æ —Ç–µ–º–µ:–í –¥–∂–∞–ª—å—Å–∫–æ–π –¥–µ—Ç—Å–∫–æ–π –±–æ–ª—å–Ω–∏—Ü–µ –ø–ª–∞–Ω–∏—Ä—É—é—Ç –æ—Ç–∫—Ä—ã—Ç—å –æ—Ç–¥–µ–ª–µ–Ω–∏–µ —Ç—Ä–∞–Ω—Å–ø–ª–∞–Ω—Ç–∞—Ü–∏–∏ –∫–æ—Å—Ç–Ω–æ–≥–æ –º–æ–∑–≥–∞–ì–ª–∞–≤–∞ –ú–∏–Ω–∑–¥—Ä–∞–≤–∞ —Å–∫–∞–∑–∞–ª, —á—Ç–æ, –µ—Å–ª–∏ –∑–¥–∞–Ω–∏–µ –¥–æ—Å—Ç—Ä–æ–∏—Ç—å, —Ç–∞–º –º–æ–∂–Ω–æ –±—É–¥–µ—Ç –æ—Ç–∫—Ä—ã—Ç—å —Ü–µ–Ω—Ç—Ä –≥–µ–º–æ–¥–∏–∞–ª–∏–∑–∞, –∞ —Ç–∞–∫–∂–µ —Ä–∞–∑–º–µ—Å—Ç–∏—Ç—å –æ—Ç–¥–µ–ª–µ–Ω–∏—è —ç–Ω–¥–æ–∫—Ä–∏–Ω–æ–ª–æ–≥–∏–∏, –Ω–µ—Ñ—Ä–æ–ª–æ–≥–∏–∏ –∏ –¥—Ä—É–≥–∏–µ —Å—Ç—Ä—É–∫—Ç—É—Ä—ã. 






                    –°—Ç–æ—è–≤—à–µ–µ –æ–∫–æ–ª–æ 30 –ª–µ—Ç –∑–∞–±—Ä–æ—à–µ–Ω–Ω—ã–º –∑–¥–∞–Ω–∏–µ –Ω–∞ —Ç–µ—Ä—Ä–∏—Ç–æ—Ä–∏–∏ –±–æ–ª—å–Ω–∏—Ü—ã –¥–æ—Å—Ç—Ä–æ—è—Ç. –ß—Ç–æ —Ç–∞–º –±—É–¥–µ—Ç?                 


–ú—É—Ö–∞–º–º–∞–¥ –ê–±–¥—É—Ä–∞—Ö–º–∞–Ω –ê–ª—å-–®–∞—è –ø—Ä–æ–∏–Ω—Ñ–æ—Ä–º–∏—Ä–æ–≤–∞–ª, —á—Ç–æ –∏—Ö —Ñ–æ–Ω–¥ –ø—Ä–æ—Ñ–∏–Ω–∞–Ω—Å–∏—Ä—É–µ—Ç —Å—Ç—Ä–æ–∏—Ç–µ–ª—å–Ω—ã–µ —Ä–∞–±–æ—Ç—ã –∏ –æ—Å–Ω–∞—â–µ–Ω–∏–µ —Ü–µ–Ω—Ç—Ä–∞ —Å–æ–≤—Ä–µ–º–µ–Ω–Ω—ã–º –æ–±–æ—Ä—É–¥–æ–≤–∞–Ω–∏–µ–º. –ü–æ —Ç–µ–º–µ:–ü–µ—Ä–≤–∞—è –±–µ—Å–ø–ª–∞—Ç–Ω–∞—è –ø–µ—Ä–µ—Å–∞–¥–∫–∞ –ø–æ—á–∫–∏. –ü–∞—Ü–∏–µ–Ω—Ç–∫—É –∏ –¥–æ–Ω–æ—Ä–∞ –≤—ã–ø–∏—Å–∞–ª–∏ –∏–∑ –±–æ–ª—å–Ω–∏—Ü—ã",
#,name,info,img
1,"–ê–≤–∞—Ä–∏—è –Ω–∞ –¢–≠–¶. –ü–æ—Å—Ç—Ä–∞–¥–∞–≤—à–∏–π —Ä–∞—Å—Å–∫–∞–∑–∞–ª, —á—Ç–æ —Ä–∞–±–æ—Ç–∞–ª –Ω–∞ –¥–≤—É—Ö —Ä–∞–±–æ—Ç–∞—Ö, —á—Ç–æ–±—ã –ø—Ä–æ–∫–æ—Ä–º–∏—Ç—å —Å–µ–º—å—é","–û–¥–∏–Ω –∏–∑ –ø–æ—Å—Ç—Ä–∞–¥–∞–≤—à–∏—Ö –≤–æ –≤—Ä–µ–º—è –∞–≤–∞—Ä–∏–∏ –Ω–∞ –¢–≠–¶ —Ä–∞—Å—Å–∫–∞–∑–∞–ª –≥–ª–∞–≤–µ –∫–∞–±–º–∏–Ω–∞ –ê–∫—ã–ª–±–µ–∫—É –ñ–∞–ø–∞—Ä–æ–≤—É, —á—Ç–æ —Ä–∞–±–æ—Ç–∞–ª –Ω–∞ –¥–≤—É—Ö —Ä–∞–±–æ—Ç–∞—Ö, —á—Ç–æ–±—ã –ø—Ä–æ–∫–æ—Ä–º–∏—Ç—å —Å–µ–º—å—é.–ü–æ —Ç–µ–º–µ:–ê–≤–∞—Ä–∏—è –Ω–∞ –¢–≠–¶. –ê–∫—ã–ª–±–µ–∫ –ñ–∞–ø–∞—Ä–æ–≤ –ø–æ—Å–µ—Ç–∏–ª –≤ —Ç—É—Ä–µ—Ü–∫–æ–π –±–æ–ª—å–Ω–∏—Ü–µ –ø–æ—Å—Ç—Ä–∞–¥–∞–≤—à–∏—Ö–ü–æ —Å–ª–æ–≤–∞–º –º—É–∂—á–∏–Ω—ã, –æ–Ω –µ–¥–∏–Ω—Å—Ç–≤–µ–Ω–Ω—ã–π —Å—ã–Ω –≤ —Å–µ–º—å–µ –∏ –∑–∞–±–æ—Ç–∏—Ç—Å—è –æ —Ä–æ–¥–∏—Ç–µ–ª—è—Ö-–ø–µ–Ω—Å–∏–æ–Ω–µ—Ä–∞—Ö. –£ –Ω–µ–≥–æ –µ—Å—Ç—å —Å—ã–Ω –∏ –¥–æ—á—å, –∏ –æ–Ω–∏ —Å –∂–µ–Ω–æ–π –∂–¥—É—Ç —Ç—Ä–µ—Ç—å–µ–≥–æ —Ä–µ–±–µ–Ω–∫–∞. –ì–ª–∞–≤–∞ –∫–∞–±–º–∏–Ω–∞ –ø–æ–æ–±–µ—â–∞–ª –æ–∫–∞–∑–∞—Ç—å –≤—Å—é –Ω–µ–æ–±—Ö–æ–¥–∏–º—É—é –ø–æ–º–æ—â—å –ø–æ—Å—Ç—Ä–∞–¥–∞–≤—à–µ–º—É –∏ –ø—Ä–∏—Å–º–æ—Ç—Ä–µ—Ç—å –∑–∞ –µ–≥–æ —Ä–æ–¥–Ω—ã–º–∏.***–í –Ω–æ—á—å —Å 1 –Ω–∞ 2 —Ñ–µ–≤—Ä–∞–ª—è –Ω–∞ –¢–≠–¶ –ë–∏—à–∫–µ–∫–∞ –ø—Ä–æ–∏–∑–æ—à–ª–∞ –∞–≤–∞—Ä–∏—è. –ü—è—Ç–µ—Ä–æ —á–µ–ª–æ–≤–µ–∫ –ø–æ—Å—Ç—Ä–∞–¥–∞–ª–∏. –í—Å–µ —à–∫–æ–ª—ã –∏ –¥–µ—Ç—Å–∫–∏–µ —Å–∞–¥—ã —Å–æ 2 –ø–æ 6 —Ñ–µ–≤—Ä–∞–ª—è  –±—ã–ª–∏ –ø–µ—Ä–µ–≤–µ–¥–µ–Ω—ã –Ω–∞ –æ–Ω–ª–∞–π–Ω-–æ–±—É—á–µ–Ω–∏–µ. –ë—ã–ª–∞ –æ—Ç–∫–ª—é—á–µ–Ω–∞ –≥–æ—Ä—è—á–∞—è –≤–æ–¥–∞ –¥–ª—è –ø–æ–¥–¥–µ—Ä–∂–∞–Ω–∏—è —Ä–∞–±–æ—Ç—ã –¢–≠–¶ –∏ —Ç–µ–ø–ª–æ–≤—ã—Ö —Å–µ—Ç–µ–π. –ü–æ —Ñ–∞–∫—Ç—É –∞–≤–∞—Ä–∏–∏ –Ω–∞ –¢–≠–¶ –ø—Ä–æ–∫—É—Ä–∞—Ç—É—Ä–∞ –ë–∏—à–∫–µ–∫–∞ –≤–æ–∑–±—É–¥–∏–ª–∞ –¥–µ–ª–æ. –†–∞—Å—Å–ª–µ–¥–æ–≤–∞–Ω–∏–µ –ø–æ—Ä—É—á–µ–Ω–æ –ì–ö–ù–ë.–ö 5 —Ñ–µ–≤—Ä–∞–ª—è –æ—Ç–æ–ø–ª–µ–Ω–∏–µ –≤ –¥–æ–º–∞—Ö –±–∏—à–∫–µ–∫—á–∞–Ω –≤–æ—Å—Å—Ç–∞–Ω–æ–≤–ª–µ–Ω–æ.",
#,name,info,img
1,–í –¥–∂–∞–ª—å—Å–∫–æ–π –¥–µ—Ç—Å–∫–æ–π –±–æ–ª—å–Ω–∏—Ü–µ –ø–ª–∞–Ω–∏—Ä—É—é—Ç –æ—Ç–∫—Ä—ã—Ç—å –æ—Ç–¥–µ–ª–µ–Ω–∏–µ —Ç—Ä–∞–Ω—Å–ø–ª–∞–Ω—Ç–∞—Ü–∏–∏ –∫–æ—Å—Ç–Ω–æ–≥–æ –º–æ–∑–≥–∞,"–ù–∞ –±–∞–∑–µ –ù–∞—Ü–∏–æ–Ω–∞–ª—å–Ω–æ–≥–æ —Ü–µ–Ω—Ç—Ä–∞ –æ—Ö—Ä–∞–Ω—ã –º–∞—Ç–µ—Ä–∏–Ω—Å—Ç–≤–∞ –∏ –¥–µ—Ç—Å—Ç–≤–∞ –æ—Ç–∫—Ä–æ—é—Ç –æ—Ç–¥–µ–ª–µ–Ω–∏–µ —Ç—Ä–∞–Ω—Å–ø–ª–∞–Ω—Ç–∞—Ü–∏–∏ –∫–æ—Å—Ç–Ω–æ–≥–æ –º–æ–∑–≥–∞. –û–± —ç—Ç–æ–º –∑–∞—è–≤–∏–ª–∏ –≤ –ø—Ä–µ—Å—Å-—Ü–µ–Ω—Ç—Ä–µ –ú–∏–Ω–∑–¥—Ä–∞–≤–∞. –°–æ–æ–±—â–∞–µ—Ç—Å—è, —á—Ç–æ –º–∏–Ω–∏—Å—Ç—Ä –∑–¥—Ä–∞–≤–æ–æ—Ö—Ä–∞–Ω–µ–Ω–∏—è –ê–ª—ã–º–∫–∞–¥—ã—Ä –ë–µ–π—à–µ–Ω–∞–ª–∏–µ–≤ –≤—Å—Ç—Ä–µ—Ç–∏–ª—Å—è —Å —É—á—Ä–µ–¥–∏—Ç–µ–ª–µ–º –∏ –ø—Ä–µ–¥—Å–µ–¥–∞—Ç–µ–ª–µ–º –ø—Ä–∞–≤–ª–µ–Ω–∏—è –∫—É–≤–µ–π—Ç—Å–∫–æ–≥–æ –±–ª–∞–≥–æ—Ç–≤–æ—Ä–∏—Ç–µ–ª—å–Ω–æ–≥–æ —Ñ–æ–Ω–¥–∞ ""–ê—Å-–°–∞—Ñ–∞"" —à–µ–π—Ö–æ–º –ú—É—Ö–∞–º–º–∞–¥–æ–º –ê–±–¥—É—Ä–∞—Ö–º–∞–Ω –ê–ª—å-–®–∞—è. –û–Ω–∏ –ø–æ—Å–µ—Ç–∏–ª–∏ –æ—Ç–¥–µ–ª–µ–Ω–∏—è –¥–µ—Ç—Å–∫–æ–π –æ–Ω–∫–æ–ª–æ–≥–∏–∏ –∏ –æ–Ω–∫–æ–≥–µ–º–∞—Ç–æ–ª–æ–≥–∏–∏ –±–æ–ª—å–Ω–∏—Ü—ã, –ø–æ—Å—Ç—Ä–æ–µ–Ω–Ω—ã–µ –±–ª–∞–≥–æ–¥–∞—Ä—è —Ñ–æ–Ω–¥—É. –ü–æ —Ç–µ–º–µ:–í –ö—ã—Ä–≥—ã–∑—Å—Ç–∞–Ω–µ —Ö–æ—Ç—è—Ç –æ—Ç–∫—Ä—ã—Ç—å —Ü–µ–Ω—Ç—Ä —Ç—Ä–∞–Ω—Å–ø–ª–∞–Ω—Ç–æ–ª–æ–≥–∏–∏. –ü–æ–¥—Ä–æ–±–Ω–æ—Å—Ç–∏ –æ—Ç –≥–ª–∞–≤—ã –ú–∏–Ω–∑–¥—Ä–∞–≤–∞–°—Ç–æ—Ä–æ–Ω—ã –¥–æ–≥–æ–≤–æ—Ä–∏–ª–∏—Å—å –æ –¥–∞–ª—å–Ω–µ–π—à–µ–º —Å–æ—Ç—Ä—É–¥–Ω–∏—á–µ—Å—Ç–≤–µ. –ú–∏–Ω–∏—Å—Ç—Ä –ø–æ—Ä—É—á–∏–ª —Ä—É–∫–æ–≤–æ–¥—Å—Ç–≤—É —Ü–µ–Ω—Ç—Ä–∞ –Ω–∞—á–∞—Ç—å —Ä–∞–±–æ—Ç—ã –ø–æ –æ—Ä–≥–∞–Ω–∏–∑–∞—Ü–∏–∏ –æ—Ç–¥–µ–ª–µ–Ω–∏—è —Ç—Ä–∞–Ω—Å–ø–ª–∞–Ω—Ç–∞—Ü–∏–∏ –∫–æ—Å—Ç–Ω–æ–≥–æ –º–æ–∑–≥–∞ –≤ –ù–¶–û–ú–∏–î. –®–µ–π—Ö –ú—É—Ö–∞–º–º–∞–¥ –ê–±–¥—É—Ä–∞—Ö–º–∞–Ω –ê–ª—å-–®–∞—è –ø–æ–¥–¥–µ—Ä–∂–∞–ª –ø—Ä–µ–¥–ª–æ–∂–µ–Ω–∏–µ –º–∏–Ω–∏—Å—Ç—Ä–∞ –∏ –æ–±–µ—â–∞–ª –≤—ã–¥–µ–ª–∏—Ç—å $150 —Ç—ã—Å. –Ω–∞ –ø—Ä–∏–æ–±—Ä–µ—Ç–µ–Ω–∏–µ –º–µ–¥–∏—Ü–∏–Ω—Å–∫–æ–≥–æ –æ–±–æ—Ä—É–¥–æ–≤–∞–Ω–∏—è –¥–ª—è —Å–±–æ—Ä–∞ —Å—Ç–≤–æ–ª–æ–≤—ã—Ö –∫–ª–µ—Ç–æ–∫. –ü—Ä–æ—Ü–µ–¥—É—Ä–∞ —è–≤–ª—è–µ—Ç—Å—è –∫–ª—é—á–µ–≤–æ–π –≤ –ø—Ä–æ–≤–µ–¥–µ–Ω–∏–∏ –ø–µ—Ä–µ—Å–∞–¥–∫–∏ –∫–æ—Å—Ç–Ω–æ–≥–æ –º–æ–∑–≥–∞. 
slide 2  of 3






                                –í –¥–∂–∞–ª—å—Å–∫–æ–π –¥–µ—Ç—Å–∫–æ–π –±–æ–ª—å–Ω–∏—Ü–µ –ø–ª–∞–Ω–∏—Ä—É—é—Ç –æ—Ç–∫—Ä—ã—Ç—å –æ—Ç–¥–µ–ª–µ–Ω–∏–µ —Ç—Ä–∞–Ω—Å–ø–ª–∞–Ω—Ç–∞—Ü–∏–∏ –∫–æ—Å—Ç–Ω–æ–≥–æ –º–æ–∑–≥–∞.                             








                                –í –¥–∂–∞–ª—å—Å–∫–æ–π –¥–µ—Ç—Å–∫–æ–π –±–æ–ª—å–Ω–∏—Ü–µ –ø–ª–∞–Ω–∏—Ä—É—é—Ç –æ—Ç–∫—Ä—ã—Ç—å –æ—Ç–¥–µ–ª–µ–Ω–∏–µ —Ç—Ä–∞–Ω—Å–ø–ª–∞–Ω—Ç–∞—Ü–∏–∏ –∫–æ—Å—Ç–Ω–æ–≥–æ –º–æ–∑–≥–∞.                             








                                –í –¥–∂–∞–ª—å—Å–∫–æ–π –¥–µ—Ç—Å–∫–æ–π –±–æ–ª—å–Ω–∏—Ü–µ –ø–ª–∞–Ω–∏—Ä—É—é—Ç –æ—Ç–∫—Ä—ã—Ç—å –æ—Ç–¥–µ–ª–µ–Ω–∏–µ —Ç—Ä–∞–Ω—Å–ø–ª–∞–Ω—Ç–∞—Ü–∏–∏ –∫–æ—Å—Ç–Ω–æ–≥–æ –º–æ–∑–≥–∞.                             








                                –í –¥–∂–∞–ª—å—Å–∫–æ–π –¥–µ—Ç—Å–∫–æ–π –±–æ–ª—å–Ω–∏—Ü–µ –ø–ª–∞–Ω–∏—Ä—É—é—Ç –æ—Ç–∫—Ä—ã—Ç—å –æ—Ç–¥–µ–ª–µ–Ω–∏–µ —Ç—Ä–∞–Ω—Å–ø–ª–∞–Ω—Ç–∞—Ü–∏–∏ –∫–æ—Å—Ç–Ω–æ–≥–æ –º–æ–∑–≥–∞.                             








                                –í –¥–∂–∞–ª—å—Å–∫–æ–π –¥–µ—Ç—Å–∫–æ–π –±–æ–ª—å–Ω–∏—Ü–µ –ø–ª–∞–Ω–∏—Ä—É—é—Ç –æ—Ç–∫—Ä—ã—Ç—å –æ—Ç–¥–µ–ª–µ–Ω–∏–µ —Ç—Ä–∞–Ω—Å–ø–ª–∞–Ω—Ç–∞—Ü–∏–∏ –∫–æ—Å—Ç–Ω–æ–≥–æ –º–æ–∑–≥–∞.                             




1

                         –∏–∑                     
3





–ê–ª—ã–º–∫–∞–¥—ã—Ä –ë–µ–π—à–µ–Ω–∞–ª–∏–µ–≤ –ø—Ä–æ–≤–µ–ª –≤—Å—Ç—Ä–µ—á—É —Å –¥–µ—Ç—Å–∫–∏–º–∏ –æ–Ω–∫–æ–ª–æ–≥–∞–º–∏ –∏ –ª–∞–±–æ—Ä–∞–Ω—Ç–∞–º–∏, –¥–∞–ª –ø–æ—Ä—É—á–µ–Ω–∏–µ —Å—Ñ–æ—Ä–º–∏—Ä–æ–≤–∞—Ç—å –±—Ä–∏–≥–∞–¥—É –∏–∑ –¥–µ—Å—è—Ç–∏ —á–µ–ª–æ–≤–µ–∫ –¥–ª—è –æ—Ç–ø—Ä–∞–≤–∫–∏ –∑–∞ —Ä—É–±–µ–∂ –Ω–∞ –æ–±—É—á–µ–Ω–∏–µ –ø–æ —Ç—Ä–∞–Ω—Å–ø–ª–∞–Ω—Ç–∞—Ü–∏–∏ –∫–æ—Å—Ç–Ω–æ–≥–æ –º–æ–∑–≥–∞.",
#,name,info,img
1,"–¢—Ä–∞–º–ø —Ä–∞—Å—Å–∫–∞–∑–∞–ª, –∫–∞–∫ —É–≥—Ä–æ–∂–∞–ª —Å—Ç—Ä–∞–Ω–∞–º –ù–ê–¢–û, –∫–æ—Ç–æ—Ä—ã–µ –Ω–µ–¥–æ—Å—Ç–∞—Ç–æ—á–Ω–æ –ø–ª–∞—Ç—è—Ç","–ë—ã–≤—à–∏–π –ø—Ä–µ–∑–∏–¥–µ–Ω—Ç –°–®–ê –î–æ–Ω–∞–ª—å–¥ –¢—Ä–∞–º–ø –∑–∞—è–≤–∏–ª, —á—Ç–æ —É–≥—Ä–æ–∂–∞–ª ""–ø–æ–æ—â—Ä—è—Ç—å –†–æ—Å—Å–∏—é"" –∞—Ç–∞–∫–æ–≤–∞—Ç—å —Ç–µ —Å—Ç—Ä–∞–Ω—ã –ù–ê–¢–û, –∫–æ—Ç–æ—Ä—ã–µ –Ω–µ –≤—ã–ø–æ–ª–Ω—è—é—Ç —Å–≤–æ–∏ —Ñ–∏–Ω–∞–Ω—Å–æ–≤—ã–µ –æ–±—è–∑–∞—Ç–µ–ª—å—Å—Ç–≤–∞ –ø–µ—Ä–µ–¥ –∞–ª—å—è–Ω—Å–æ–º. –û–± —ç—Ç–æ–º –ø–æ–ª–∏—Ç–∏–∫ —Ä–∞—Å—Å–∫–∞–∑–∞–ª –≤ —Ö–æ–¥–µ –ø—Ä–µ–¥–≤—ã–±–æ—Ä–Ω–æ–≥–æ –º–∏—Ç–∏–Ω–≥–∞ –≤ –≥–æ—Ä–æ–¥–µ –ö–æ–Ω—É—ç–π, –Æ–∂–Ω–∞—è –ö–∞—Ä–æ–ª–∏–Ω–∞.""–ù–ê–¢–û –±—ã–ª–æ —Ä–∞–∑–≤–∞–ª–µ–Ω–æ, –ø–æ–∫–∞ –Ω–µ –ø—Ä–∏—à–µ–ª —è. –Ø —Å–∫–∞–∑–∞–ª: ""–í—Å–µ –±—É–¥—É—Ç –ø–ª–∞—Ç–∏—Ç—å"". –û–Ω–∏ —Å–∫–∞–∑–∞–ª–∏: ""–ù—É, –µ—Å–ª–∏ –º—ã –Ω–µ –∑–∞–ø–ª–∞—Ç–∏–º, –≤—ã –≤—Å–µ —Ä–∞–≤–Ω–æ –±—É–¥–µ—Ç–µ –Ω–∞—Å –∑–∞—â–∏—â–∞—Ç—å?"" –Ø —Å–∫–∞–∑–∞–ª: ""–¢–æ—á–Ω–æ –Ω–µ—Ç"". –û–Ω–∏ –Ω–µ –º–æ–≥–ª–∏ –ø–æ–≤–µ—Ä–∏—Ç—å –≤ –º–æ–π –æ—Ç–≤–µ—Ç"", - —Ü–∏—Ç–∏—Ä—É–µ—Ç CNN –∑–∞—è–≤–ª–µ–Ω–∏–µ –¢—Ä–∞–º–ø–∞.–ü–æ —Å–ª–æ–≤–∞–º –±—ã–≤—à–µ–≥–æ –∞–º–µ—Ä–∏–∫–∞–Ω—Å–∫–æ–≥–æ –ª–∏–¥–µ—Ä–∞, –æ–¥–Ω–∞–∂–¥—ã ""–æ–¥–∏–Ω –∏–∑ –ø—Ä–µ–∑–∏–¥–µ–Ω—Ç–æ–≤ –±–æ–ª—å—à–æ–π —Å—Ç—Ä–∞–Ω—ã"" —Å–ø—Ä–æ—Å–∏–ª –µ–≥–æ, –±—É–¥—É—Ç –ª–∏ –°–®–ê –ø–æ-–ø—Ä–µ–∂–Ω–µ–º—É –∑–∞—â–∏—â–∞—Ç—å –∏—Ö –æ—Ç –≤—Ç–æ—Ä–∂–µ–Ω–∏—è –†–æ—Å—Å–∏–∏, –¥–∞–∂–µ –µ—Å–ª–∏ –æ–Ω–∏ ""–Ω–µ –∑–∞–ø–ª–∞—Ç—è—Ç"".""–ù–µ—Ç, —è –±—ã –Ω–µ —Å—Ç–∞–ª –≤–∞—Å –∑–∞—â–∏—â–∞—Ç—å. –ù–∞ —Å–∞–º–æ–º –¥–µ–ª–µ —è –±—ã –ø–æ–æ—â—Ä—è–ª –∏—Ö [–†–æ—Å—Å–∏—é] –¥–µ–ª–∞—Ç—å –≤—Å–µ, —á—Ç–æ –æ–Ω–∏, —á–µ—Ä—Ç –≤–æ–∑—å–º–∏, —Ö–æ—Ç—è—Ç. –¢—ã –¥–æ–ª–∂–µ–Ω –∑–∞–ø–ª–∞—Ç–∏—Ç—å. –¢—ã –¥–æ–ª–∂–µ–Ω –ø–ª–∞—Ç–∏—Ç—å –ø–æ —Å—á–µ—Ç–∞–º"", - —Å–∫–∞–∑–∞–ª –¢—Ä–∞–º–ø.–ü–æ —Ç–µ–º–µ:–ë–∞–π–¥–µ–Ω –Ω–µ –≤–∏–¥–∏—Ç –ø–æ–¥—Ö–æ–¥—è—â–µ–π –∞–ª—å—Ç–µ—Ä–Ω–∞—Ç–∏–≤—ã —Å–≤–æ–µ–π –∫–∞–Ω–¥–∏–¥–∞—Ç—É—Ä–µ –Ω–∞ –ø–æ—Å—Ç –ø—Ä–µ–∑–∏–¥–µ–Ω—Ç–∞–í –ë–µ–ª–æ–º –¥–æ–º–µ —É–∂–µ –æ—Ç—Ä–µ–∞–≥–∏—Ä–æ–≤–∞–ª–∏ –Ω–∞ –≤—ã—Å–∫–∞–∑—ã–≤–∞–Ω–∏—è –î–æ–Ω–∞–ª—å–¥–∞ –¢—Ä–∞–º–ø–∞, –Ω–∞–∑–≤–∞–≤ –∏—Ö ""—É–∂–∞—Å–Ω—ã–º–∏ –∏ –±–µ–∑—É–º–Ω—ã–º–∏"", –Ω–∞–ø–æ–º–Ω–∏–≤ –æ–± —É—Å–∏–ª–∏—è—Ö –¥–µ–π—Å—Ç–≤—É—é—â–µ–≥–æ –ø—Ä–µ–∑–∏–¥–µ–Ω—Ç–∞ –°–®–ê –î–∂–æ –ë–∞–π–¥–µ–Ω–∞ –ø–æ —É–∫—Ä–µ–ø–ª–µ–Ω–∏—é –ù–ê–¢–û.""–ü—Ä–µ–∑–∏–¥–µ–Ω—Ç –ë–∞–π–¥–µ–Ω –≤–æ—Å—Å—Ç–∞–Ω–æ–≤–∏–ª –Ω–∞—à–∏ —Å–æ—é–∑—ã –∏ —Å–¥–µ–ª–∞–ª –Ω–∞—Å —Å–∏–ª—å–Ω–µ–µ, –ø–æ—Ç–æ–º—É —á—Ç–æ –æ–Ω –∑–Ω–∞–µ—Ç, —á—Ç–æ –ø–µ—Ä–≤–∞—è –æ–±—è–∑–∞–Ω–Ω–æ—Å—Ç—å –∫–∞–∂–¥–æ–≥–æ –≥–ª–∞–≤–Ω–æ–∫–æ–º–∞–Ω–¥—É—é—â–µ–≥–æ - –æ–±–µ—Å–ø–µ—á–∏—Ç—å –±–µ–∑–æ–ø–∞—Å–Ω–æ—Å—Ç—å –∞–º–µ—Ä–∏–∫–∞–Ω—Å–∫–æ–≥–æ –Ω–∞—Ä–æ–¥–∞ –∏ –ø—Ä–∏–¥–µ—Ä–∂–∏–≤–∞—Ç—å—Å—è —Ü–µ–Ω–Ω–æ—Å—Ç–µ–π, –∫–æ—Ç–æ—Ä—ã–µ –Ω–∞—Å –æ–±—ä–µ–¥–∏–Ω—è—é—Ç‚Ä¶ –ü–æ–æ—â—Ä–µ–Ω–∏–µ –≤—Ç–æ—Ä–∂–µ–Ω–∏–π –∫—Ä–æ–≤–∞–≤—ã—Ö —Ä–µ–∂–∏–º–æ–≤ –Ω–∞ –Ω–∞—à–∏—Ö –±–ª–∏–∂–∞–π—à–∏—Ö —Å–æ—é–∑–Ω–∏–∫–æ–≤ —É–∂–∞—Å–Ω–æ –∏ –±–µ–∑—É–º–Ω–æ - –∏ –æ–Ω–æ —Å—Ç–∞–≤–∏—Ç –ø–æ–¥ —É–≥—Ä–æ–∑—É –∞–º–µ—Ä–∏–∫–∞–Ω—Å–∫—É—é –Ω–∞—Ü–∏–æ–Ω–∞–ª—å–Ω—É—é –±–µ–∑–æ–ø–∞—Å–Ω–æ—Å—Ç—å, –≥–ª–æ–±–∞–ª—å–Ω—É—é —Å—Ç–∞–±–∏–ª—å–Ω–æ—Å—Ç—å –∏ –Ω–∞—à—É –≤–Ω—É—Ç—Ä–µ–Ω–Ω—é—é —ç–∫–æ–Ω–æ–º–∏–∫—É"", - –∑–∞—è–≤–∏–ª –ø—Ä–µ–¥—Å—Ç–∞–≤–∏—Ç–µ–ª—å –∞–¥–º–∏–Ω–∏—Å—Ç—Ä–∞—Ü–∏–∏ –ë–∞–π–¥–µ–Ω–∞ –≠–Ω–¥—Ä—é –ë–µ–π—Ç—Å.",
#,name,info,img
1,–ê–≤–∞—Ä–∏—è –Ω–∞ –¢–≠–¶. –ê–∫—ã–ª–±–µ–∫ –ñ–∞–ø–∞—Ä–æ–≤ –ø–æ—Å–µ—Ç–∏–ª –≤ —Ç—É—Ä–µ—Ü–∫–æ–π –±–æ–ª—å–Ω–∏—Ü–µ –ø–æ—Å—Ç—Ä–∞–¥–∞–≤—à–∏—Ö,"–ì–ª–∞–≤–∞ –∫–∞–±–º–∏–Ω–∞ –ê–∫—ã–ª–±–µ–∫ –ñ–∞–ø–∞—Ä–æ–≤ –Ω–∞–≤–µ—Å—Ç–∏–ª —á–µ—Ç—ã—Ä–µ—Ö –∫—ã—Ä–≥—ã–∑—Å—Ç–∞–Ω—Ü–µ–≤, –ø–æ—Å—Ç—Ä–∞–¥–∞–≤—à–∏—Ö –≤ —Ä–µ–∑—É–ª—å—Ç–∞—Ç–µ –Ω–µ—à—Ç–∞—Ç–Ω–æ–π —Å–∏—Ç—É–∞—Ü–∏–∏ –Ω–∞ –¢–≠–¶ –∏ –∫—Ä—É—à–µ–Ω–∏—è –≤–æ–µ–Ω–Ω–æ–≥–æ –≤–µ—Ä—Ç–æ–ª–µ—Ç–∞. –û–± —ç—Ç–æ–º —Å–æ–æ–±—â–∏–ª–∏ –≤ –º–µ–¥–∏–∞—à—Ç–∞–±–µ –ø–æ —Å–∏—Ç—É–∞—Ü–∏–∏ –Ω–∞ –¢–≠–¶.–û—Ç–º–µ—á–∞–µ—Ç—Å—è, —á—Ç–æ –≤—Å–µ –ø–æ—Å—Ç—Ä–∞–¥–∞–≤—à–∏–µ –Ω–∞—Ö–æ–¥—è—Ç—Å—è –Ω–∞ –ª–µ—á–µ–Ω–∏–∏ –≤ –≥–æ—Å—É–¥–∞—Ä—Å—Ç–≤–µ–Ω–Ω–æ–π –Ω–∞—É—á–Ω–æ-–∏—Å—Å–ª–µ–¥–æ–≤–∞—Ç–µ–ª—å—Å–∫–æ–π –±–æ–ª—å–Ω–∏—Ü–µ –≤ –ê–¥–∞–Ω–µ. 
slide 2  of 6






                                –ê–∫—ã–ª–±–µ–∫ –ñ–∞–ø–∞—Ä–æ–≤ –Ω–∞–≤–µ—Å—Ç–∏–ª —á–µ—Ç—ã—Ä–µ—Ö –∫—ã—Ä–≥—ã–∑—Å—Ç–∞–Ω—Ü–µ–≤, –ø–æ—Å—Ç—Ä–∞–¥–∞–≤—à–∏—Ö –≤ —Ä–µ–∑—É–ª—å—Ç–∞—Ç–µ –Ω–µ—à—Ç–∞—Ç–Ω–æ–π —Å–∏—Ç—É–∞—Ü–∏–∏ –Ω–∞ –¢–≠–¶ –∏ –∫—Ä—É—à–µ–Ω–∏—è –≤–æ–µ–Ω–Ω–æ–≥–æ –≤–µ—Ä—Ç–æ–ª–µ—Ç–∞. –§–æ—Ç–æ: –º–µ–¥–∏–∞—à—Ç–∞–±.                             








                                –ê–∫—ã–ª–±–µ–∫ –ñ–∞–ø–∞—Ä–æ–≤ –Ω–∞–≤–µ—Å—Ç–∏–ª —á–µ—Ç—ã—Ä–µ—Ö –∫—ã—Ä–≥—ã–∑—Å—Ç–∞–Ω—Ü–µ–≤, –ø–æ—Å—Ç—Ä–∞–¥–∞–≤—à–∏—Ö –≤ —Ä–µ–∑—É–ª—å—Ç–∞—Ç–µ –Ω–µ—à—Ç–∞—Ç–Ω–æ–π —Å–∏—Ç—É–∞—Ü–∏–∏ –Ω–∞ –¢–≠–¶ –∏ –∫—Ä—É—à–µ–Ω–∏—è –≤–æ–µ–Ω–Ω–æ–≥–æ –≤–µ—Ä—Ç–æ–ª–µ—Ç–∞. –§–æ—Ç–æ: –º–µ–¥–∏–∞—à—Ç–∞–±.                             








                                –ê–∫—ã–ª–±–µ–∫ –ñ–∞–ø–∞—Ä–æ–≤ –Ω–∞–≤–µ—Å—Ç–∏–ª —á–µ—Ç—ã—Ä–µ—Ö –∫—ã—Ä–≥—ã–∑—Å—Ç–∞–Ω—Ü–µ–≤, –ø–æ—Å—Ç—Ä–∞–¥–∞–≤—à–∏—Ö –≤ —Ä–µ–∑—É–ª—å—Ç–∞—Ç–µ –Ω–µ—à—Ç–∞—Ç–Ω–æ–π —Å–∏—Ç—É–∞—Ü–∏–∏ –Ω–∞ –¢–≠–¶ –∏ –∫—Ä—É—à–µ–Ω–∏—è –≤–æ–µ–Ω–Ω–æ–≥–æ –≤–µ—Ä—Ç–æ–ª–µ—Ç–∞. –§–æ—Ç–æ: –º–µ–¥–∏–∞—à—Ç–∞–±.                             








                                –ê–∫—ã–ª–±–µ–∫ –ñ–∞–ø–∞—Ä–æ–≤ –Ω–∞–≤–µ—Å—Ç–∏–ª —á–µ—Ç—ã—Ä–µ—Ö –∫—ã—Ä–≥—ã–∑—Å—Ç–∞–Ω—Ü–µ–≤, –ø–æ—Å—Ç—Ä–∞–¥–∞–≤—à–∏—Ö –≤ —Ä–µ–∑—É–ª—å—Ç–∞—Ç–µ –Ω–µ—à—Ç–∞—Ç–Ω–æ–π —Å–∏—Ç—É–∞—Ü–∏–∏ –Ω–∞ –¢–≠–¶ –∏ –∫—Ä—É—à–µ–Ω–∏—è –≤–æ–µ–Ω–Ω–æ–≥–æ –≤–µ—Ä—Ç–æ–ª–µ—Ç–∞. –§–æ—Ç–æ: –º–µ–¥–∏–∞—à—Ç–∞–±.                             








                                –ê–∫—ã–ª–±–µ–∫ –ñ–∞–ø–∞—Ä–æ–≤ –Ω–∞–≤–µ—Å—Ç–∏–ª —á–µ—Ç—ã—Ä–µ—Ö –∫—ã—Ä–≥—ã–∑—Å—Ç–∞–Ω—Ü–µ–≤, –ø–æ—Å—Ç—Ä–∞–¥–∞–≤—à–∏—Ö –≤ —Ä–µ–∑—É–ª—å—Ç–∞—Ç–µ –Ω–µ—à—Ç–∞—Ç–Ω–æ–π —Å–∏—Ç—É–∞—Ü–∏–∏ –Ω–∞ –¢–≠–¶ –∏ –∫—Ä—É—à–µ–Ω–∏—è –≤–æ–µ–Ω–Ω–æ–≥–æ –≤–µ—Ä—Ç–æ–ª–µ—Ç–∞. –§–æ—Ç–æ: –º–µ–¥–∏–∞—à—Ç–∞–±.                             








                                –ê–∫—ã–ª–±–µ–∫ –ñ–∞–ø–∞—Ä–æ–≤ –Ω–∞–≤–µ—Å—Ç–∏–ª —á–µ—Ç—ã—Ä–µ—Ö –∫—ã—Ä–≥—ã–∑—Å—Ç–∞–Ω—Ü–µ–≤, –ø–æ—Å—Ç—Ä–∞–¥–∞–≤—à–∏—Ö –≤ —Ä–µ–∑—É–ª—å—Ç–∞—Ç–µ –Ω–µ—à—Ç–∞—Ç–Ω–æ–π —Å–∏—Ç—É–∞—Ü–∏–∏ –Ω–∞ –¢–≠–¶ –∏ –∫—Ä—É—à–µ–Ω–∏—è –≤–æ–µ–Ω–Ω–æ–≥–æ –≤–µ—Ä—Ç–æ–ª–µ—Ç–∞. –§–æ—Ç–æ: –º–µ–¥–∏–∞—à—Ç–∞–±.                             








                                –ê–∫—ã–ª–±–µ–∫ –ñ–∞–ø–∞—Ä–æ–≤ –Ω–∞–≤–µ—Å—Ç–∏–ª —á–µ—Ç—ã—Ä–µ—Ö –∫—ã—Ä–≥—ã–∑—Å—Ç–∞–Ω—Ü–µ–≤, –ø–æ—Å—Ç—Ä–∞–¥–∞–≤—à–∏—Ö –≤ —Ä–µ–∑—É–ª—å—Ç–∞—Ç–µ –Ω–µ—à—Ç–∞—Ç–Ω–æ–π —Å–∏—Ç—É–∞—Ü–∏–∏ –Ω–∞ –¢–≠–¶ –∏ –∫—Ä—É—à–µ–Ω–∏—è –≤–æ–µ–Ω–Ω–æ–≥–æ –≤–µ—Ä—Ç–æ–ª–µ—Ç–∞. –§–æ—Ç–æ: –º–µ–¥–∏–∞—à—Ç–∞–±.                             








                                –ê–∫—ã–ª–±–µ–∫ –ñ–∞–ø–∞—Ä–æ–≤ –Ω–∞–≤–µ—Å—Ç–∏–ª —á–µ—Ç—ã—Ä–µ—Ö –∫—ã—Ä–≥—ã–∑—Å—Ç–∞–Ω—Ü–µ–≤, –ø–æ—Å—Ç—Ä–∞–¥–∞–≤—à–∏—Ö –≤ —Ä–µ–∑—É–ª—å—Ç–∞—Ç–µ –Ω–µ—à—Ç–∞—Ç–Ω–æ–π —Å–∏—Ç—É–∞—Ü–∏–∏ –Ω–∞ –¢–≠–¶ –∏ –∫—Ä—É—à–µ–Ω–∏—è –≤–æ–µ–Ω–Ω–æ–≥–æ –≤–µ—Ä—Ç–æ–ª–µ—Ç–∞. –§–æ—Ç–æ: –º–µ–¥–∏–∞—à—Ç–∞–±.                             




1

                         –∏–∑                     
6





***–í –Ω–æ—á—å —Å 1 –Ω–∞ 2 —Ñ–µ–≤—Ä–∞–ª—è –Ω–∞ –¢–≠–¶ –ë–∏—à–∫–µ–∫–∞ –ø—Ä–æ–∏–∑–æ—à–ª–∞ –∞–≤–∞—Ä–∏—è. –ü—è—Ç–µ—Ä–æ —á–µ–ª–æ–≤–µ–∫ –ø–æ—Å—Ç—Ä–∞–¥–∞–ª–∏. –í—Å–µ —à–∫–æ–ª—ã –∏ –¥–µ—Ç—Å–∫–∏–µ —Å–∞–¥—ã —Å–æ 2 –ø–æ 6 —Ñ–µ–≤—Ä–∞–ª—è  –±—ã–ª–∏ –ø–µ—Ä–µ–≤–µ–¥–µ–Ω—ã –Ω–∞ –æ–Ω–ª–∞–π–Ω-–æ–±—É—á–µ–Ω–∏–µ. –ë—ã–ª–∞ –æ—Ç–∫–ª—é—á–µ–Ω–∞ –≥–æ—Ä—è—á–∞—è –≤–æ–¥–∞ –¥–ª—è –ø–æ–¥–¥–µ—Ä–∂–∞–Ω–∏—è —Ä–∞–±–æ—Ç—ã –¢–≠–¶ –∏ —Ç–µ–ø–ª–æ–≤—ã—Ö —Å–µ—Ç–µ–π. –ü–æ —Ñ–∞–∫—Ç—É –∞–≤–∞—Ä–∏–∏ –Ω–∞ –¢–≠–¶ –ø—Ä–æ–∫—É—Ä–∞—Ç—É—Ä–∞ –ë–∏—à–∫–µ–∫–∞ –≤–æ–∑–±—É–¥–∏–ª–∞ –¥–µ–ª–æ. –†–∞—Å—Å–ª–µ–¥–æ–≤–∞–Ω–∏–µ –ø–æ—Ä—É—á–µ–Ω–æ –ì–ö–ù–ë.–ö 5 —Ñ–µ–≤—Ä–∞–ª—è –æ—Ç–æ–ø–ª–µ–Ω–∏–µ –≤ –¥–æ–º–∞—Ö –±–∏—à–∫–µ–∫—á–∞–Ω –≤–æ—Å—Å—Ç–∞–Ω–æ–≤–ª–µ–Ω–æ.",
#,name,info,img
1,"–ß—Ç–æ –ø—Ä–æ–∏–∑–æ—à–ª–æ –≤ –£–∫—Ä–∞–∏–Ω–µ –∑–∞ –ø–æ—Å–ª–µ–¥–Ω–∏–µ —Å—É—Ç–∫–∏, 11 —Ñ–µ–≤—Ä–∞–ª—è","–ì–ª–∞–≤–Ω–æ–µ –æ —Å–æ–±—ã—Ç–∏—è—Ö –≤ –£–∫—Ä–∞–∏–Ω–µ –Ω–∞ 11 —Ñ–µ–≤—Ä–∞–ª—è - –≤ –ø–æ–¥–±–æ—Ä–∫–µ Kaktus.media.–í –Ω–æ—á—å –Ω–∞ —Å—É–±–±–æ—Ç—É —Ä–æ—Å—Å–∏–π—Å–∫–∏–µ –≤–æ–π—Å–∫–∞ —Ç—Ä–∏–∂–¥—ã –∞—Ç–∞–∫–æ–≤–∞–ª–∏ –û–¥–µ—Å—Å–∫—É—é –æ–±–ª–∞—Å—Ç—å –±–µ—Å–ø–∏–ª–æ—Ç–Ω–∏–∫–∞–º–∏. –í —Ä–µ–∑—É–ª—å—Ç–∞—Ç–µ –ø–æ—Å—Ç—Ä–∞–¥–∞–ª–∏ —á–µ—Ç—ã—Ä–µ —á–µ–ª–æ–≤–µ–∫–∞. –û–¥–∏–Ω –∏–∑ –ø–æ—Å—Ç—Ä–∞–¥–∞–≤—à–∏—Ö –Ω–∞—Ö–æ–¥–∏—Ç—Å—è –≤ —Ç—è–∂–µ–ª–æ–º —Å–æ—Å—Ç–æ—è–Ω–∏–∏.–ì–µ–Ω–µ—Ä–∞–ª—å–Ω—ã–π —Å–µ–∫—Ä–µ—Ç–∞—Ä—å –ù–ê–¢–û –ô–µ–Ω—Å –°—Ç–æ–ª—Ç–µ–Ω–±–µ—Ä–≥ –ø—Ä–∏–∑–≤–∞–ª –ï–≤—Ä–æ–ø—É —É–≤–µ–ª–∏—á–∏—Ç—å –ø—Ä–æ–∏–∑–≤–æ–¥—Å—Ç–≤–æ –æ—Ä—É–∂–∏—è, —á—Ç–æ–±—ã –ø–æ–¥–¥–µ—Ä–∂–∞—Ç—å –£–∫—Ä–∞–∏–Ω—É –∏ –ø—Ä–µ–¥–æ—Ç–≤—Ä–∞—Ç–∏—Ç—å ""–ø–æ—Ç–µ–Ω—Ü–∏–∞–ª—å–Ω–æ –¥–µ—Å—è—Ç–∏–ª–µ—Ç–∏—è –∫–æ–Ω—Ñ—Ä–æ–Ω—Ç–∞—Ü–∏–∏"" —Å –ú–æ—Å–∫–≤–æ–π, –≤ –∏–Ω—Ç–µ—Ä–≤—å—é, –æ–ø—É–±–ª–∏–∫–æ–≤–∞–Ω–Ω–æ–º –Ω–µ–º–µ—Ü–∫–∏–º–∏ –°–ú–ò –≤ —Å—É–±–±–æ—Ç—É.–ö–∞–∫ —Å–æ–æ–±—â–∞—é—Ç —Ä–æ—Å—Å–∏–π—Å–∫–∏–µ –Ω–æ–≤–æ—Å—Ç–Ω—ã–µ –∞–≥–µ–Ω—Ç—Å—Ç–≤–∞, –≤ –æ—Ç–≤–µ—Ç –Ω–∞ —Ä–µ—à–µ–Ω–∏–µ —É–∫—Ä–∞–∏–Ω—Å–∫–∏—Ö –≤–ª–∞—Å—Ç–µ–π —Ä–∞—Å—Ç–æ—Ä–≥–Ω—É—Ç—å –¥–æ–≥–æ–≤–æ—Ä –∞—Ä–µ–Ω–¥—ã —Å –ø–æ—Å–æ–ª—å—Å—Ç–≤–æ–º –†–æ—Å—Å–∏–∏ –≤ –ö–∏–µ–≤–µ –ú–æ—Å–∫–≤–∞ —Ä–∞—Å—Ç–æ—Ä–≥–ª–∞ –∞–Ω–∞–ª–æ–≥–∏—á–Ω—ã–π –¥–æ–≥–æ–≤–æ—Ä —Å –ø–æ—Å–æ–ª—å—Å—Ç–≤–æ–º –£–∫—Ä–∞–∏–Ω—ã.–ë—Ä–∏—Ç–∞–Ω—Å–∫–∞—è –≤–æ–µ–Ω–Ω–∞—è —Ä–∞–∑–≤–µ–¥–∫–∞ —Å–æ–æ–±—â–∏–ª–∞, —á—Ç–æ 31 —è–Ω–≤–∞—Ä—è –ø—Ä–∏ —É–∫—Ä–∞–∏–Ω—Å–∫–æ–º —É–¥–∞—Ä–µ –ø–æ –∞—ç—Ä–æ–¥—Ä–æ–º—É –ë–µ–ª—å–±–µ–∫ –≤ –ö—Ä—ã–º—É –±—ã–ª –≤—ã–≤–µ–¥–µ–Ω –∏–∑ —Å—Ç—Ä–æ—è —Ä–∞–¥–∞—Ä, –∏–≥—Ä–∞–≤—à–∏–π –≤–∞–∂–Ω—É—é —Ä–æ–ª—å –≤ —É–ø—Ä–∞–≤–ª–µ–Ω–∏–∏ —Ä–æ—Å—Å–∏–π—Å–∫–æ–π –∞–≤–∏–∞—Ü–∏–µ–π.–ì–µ–Ω–µ—Ä–∞–ª—å–Ω—ã–π –∏–Ω—Å–ø–µ–∫—Ç–æ—Ä –±—É–Ω–¥–µ—Å–≤–µ—Ä–∞ –≥–µ–Ω–µ—Ä–∞–ª-–ª–µ–π—Ç–µ–Ω–∞–Ω—Ç –ö–∞—Ä—Å—Ç–µ–Ω –ë—Ä–æ–π–µ—Ä –∑–∞—è–≤–∏–ª, —á—Ç–æ –í–æ–æ—Ä—É–∂–µ–Ω–Ω—ã–µ —Å–∏–ª—ã –ì–µ—Ä–º–∞–Ω–∏–∏ –¥–æ–ª–∂–Ω—ã –±—ã—Ç—å –≥–æ—Ç–æ–≤—ã –∫ –≤–æ–π–Ω–µ —á–µ—Ä–µ–∑ –ø—è—Ç—å –ª–µ—Ç. –¢–∞–∫–æ–µ –º–Ω–µ–Ω–∏–µ –æ–Ω –≤—ã—Å–∫–∞–∑–∞–ª –≤ –∏–Ω—Ç–µ—Ä–≤—å—é –∏–∑–¥–∞–Ω–∏—é Welt am Sonntag.–ü—Ä–µ–∑–∏–¥–µ–Ω—Ç –£–∫—Ä–∞–∏–Ω—ã –í–ª–∞–¥–∏–º–∏—Ä –ó–µ–ª–µ–Ω—Å–∫–∏–π –Ω–∞–∑–Ω–∞—á–∏–ª –í–∞–¥–∏–º–∞ –°—É—Ö–∞—Ä–µ–≤—Å–∫–æ–≥–æ –∏ –ê–Ω–¥—Ä–µ—è –õ–µ–±–µ–¥–µ–Ω–∫–æ –∑–∞–º–µ—Å—Ç–∏—Ç–µ–ª—è–º–∏ –Ω–æ–≤–æ–≥–æ –≥–ª–∞–≤–∫–æ–º–∞ –í–°–£ –ê–ª–µ–∫—Å–∞–Ω–¥—Ä–∞ –°—ã—Ä—Å–∫–æ–≥–æ. –û–± —ç—Ç–æ–º –ó–µ–ª–µ–Ω—Å–∫–∏–π —Å–æ–æ–±—â–∏–ª –≤–æ –≤—Ä–µ–º—è –æ—á–µ—Ä–µ–¥–Ω–æ–≥–æ –æ–±—Ä–∞—â–µ–Ω–∏—è –∫ –≥—Ä–∞–∂–¥–∞–Ω–∞–º —Å—Ç—Ä–∞–Ω—ã.–î–æ–Ω–∞–ª—å–¥ –¢—Ä–∞–º–ø –Ω–∞ –ø–æ—Å—Ç—É –ø—Ä–µ–∑–∏–¥–µ–Ω—Ç–∞ –°–®–ê —É–≥—Ä–æ–∂–∞–ª —Å–æ—é–∑–Ω–∏–∫–∞–º –ø–æ –ù–ê–¢–û, —á—Ç–æ –±—É–¥–µ—Ç –ø–æ–æ—â—Ä—è—Ç—å –†–æ—Å—Å–∏—é ""–¥–µ–ª–∞—Ç—å –≤—Å–µ, —á—Ç–æ –µ–π –≤–∑–¥—É–º–∞–µ—Ç—Å—è"" —Å–æ —Å—Ç—Ä–∞–Ω–∞–º–∏, –∫–æ—Ç–æ—Ä—ã–µ –Ω–µ –≤—ã–ø–æ–ª–Ω—è—é—Ç —Ñ–∏–Ω–∞–Ω—Å–æ–≤—ã–µ –æ–±—è–∑–∞—Ç–µ–ª—å—Å—Ç–≤–∞ –ø–µ—Ä–µ–¥ –∞–ª—å—è–Ω—Å–æ–º.",
#,name,info,img
1,–ü—Ä–µ–∑–∏–¥–µ–Ω—Ç –í–µ–Ω–≥—Ä–∏–∏ –æ–±—ä—è–≤–∏–ª–∞ –æ–± –æ—Ç—Å—Ç–∞–≤–∫–µ –Ω–∞ —Ñ–æ–Ω–µ —Å–∫–∞–Ω–¥–∞–ª–∞ —Å —É–∫—Ä—ã–≤–∞—Ç–µ–ª—å—Å—Ç–≤–æ–º –ø–µ–¥–æ—Ñ–∏–ª–æ–≤,"–ü—Ä–µ–∑–∏–¥–µ–Ω—Ç –í–µ–Ω–≥—Ä–∏–∏ –ö–∞—Ç–∞–ª–∏–Ω –ù–æ–≤–∞–∫ –æ–±—ä—è–≤–∏–ª–∞ –æ–± –æ—Ç—Å—Ç–∞–≤–∫–µ –ø–æ—Å–ª–µ –∫—Ä–∏—Ç–∏–∫–∏ –∏–∑-–∑–∞ –µ–µ —Ä–µ—à–µ–Ω–∏—è –ø–æ–º–∏–ª–æ–≤–∞—Ç—å –æ—Å—É–∂–¥–µ–Ω–Ω–æ–≥–æ –ø–æ –¥–µ–ª—É –æ —Å–µ–∫—Å—É–∞–ª–∏–∑–∏—Ä–æ–≤–∞–Ω–Ω–æ–º –Ω–∞—Å–∏–ª–∏–∏ –≤ –¥–µ—Ç—Å–∫–æ–º –¥–æ–º–µ, —Å–æ–æ–±—â–∞–µ—Ç Reuters.""–Ø —Å–æ–≤–µ—Ä—à–∏–ª–∞ –æ—à–∏–±–∫—É. –°–µ–≥–æ–¥–Ω—è –ø–æ—Å–ª–µ–¥–Ω–∏–π –¥–µ–Ω—å, –∫–æ–≥–¥–∞ —è –æ–±—Ä–∞—â–∞—é—Å—å –∫ –≤–∞–º –∫–∞–∫ –ø—Ä–µ–∑–∏–¥–µ–Ω—Ç"", - —Ü–∏—Ç–∏—Ä—É–µ—Ç –≤—ã—Å—Ç—É–ø–ª–µ–Ω–∏–µ –ù–æ–≤–∞–∫ –≤ —ç—Ñ–∏—Ä–µ –≤–µ–Ω–≥–µ—Ä—Å–∫–æ–≥–æ —Ç–µ–ª–µ–≤–∏–¥–µ–Ω–∏—è Reuters. 






                    –ö–∞—Ç–∞–ª–∏–Ω –ù–æ–≤–∞–∫.                


–í–µ–Ω–≥–µ—Ä—Å–∫–∏–µ –æ–ø–ø–æ–∑–∏—Ü–∏–æ–Ω–Ω—ã–µ –ø–∞—Ä—Ç–∏–∏ –ø–æ—Ç—Ä–µ–±–æ–≤–∞–ª–∏ –æ—Ç—Å—Ç–∞–≤–∫–∏ –ù–æ–≤–∞–∫ –ø–æ—Å–ª–µ —Ç–æ–≥–æ, –∫–∞–∫ –æ–Ω–∞ –ø—Ä–∏–Ω—è–ª–∞ —Ä–µ—à–µ–Ω–∏–µ –ø–æ–º–∏–ª–æ–≤–∞—Ç—å –∑–∞–º–µ—Å—Ç–∏—Ç–µ–ª—è –¥–∏—Ä–µ–∫—Ç–æ—Ä–∞ –¥–µ—Ç—Å–∫–æ–≥–æ –¥–æ–º–∞, –æ—Å—É–∂–¥–µ–Ω–Ω–æ–≥–æ –∑–∞ —Å–æ–∫—Ä—ã—Ç–∏–µ —Ñ–∞–∫—Ç–æ–≤ —Å–µ–∫—Å—É–∞–ª–∏–∑–∏—Ä–æ–≤–∞–Ω–Ω–æ–≥–æ –Ω–∞—Å–∏–ª–∏—è –≤ –∑–∞–≤–µ–¥–µ–Ω–∏–∏.–ü–æ —Ç–µ–º–µ:–í –ï–≤—Ä–æ–ø–∞—Ä–ª–∞–º–µ–Ω—Ç–µ —Å–æ–±—Ä–∞–ª–∏ –ø–æ–¥–ø–∏—Å–∏ –∑–∞ –ª–∏—à–µ–Ω–∏–µ –í–µ–Ω–≥—Ä–∏–∏ –≥–æ–ª–æ—Å–∞ –≤ –°–æ–≤–µ—Ç–µ –ï–°–û —Ä–µ—à–µ–Ω–∏–∏ –ù–æ–≤–∞–∫ –ø–æ–º–∏–ª–æ–≤–∞—Ç—å –æ–∫–æ–ª–æ 20 —á–µ–ª–æ–≤–µ–∫ –±—ã–ª–æ –∏–∑–≤–µ—Å—Ç–Ω–æ –µ—â–µ –≤ –∞–ø—Ä–µ–ª–µ 2023 –≥–æ–¥–∞, –ø–µ—Ä–µ–¥ –≤–∏–∑–∏—Ç–æ–º –ø–∞–ø—ã –†–∏–º—Å–∫–æ–≥–æ –≤ —Å—Ç—Ä–∞–Ω—É. –û–¥–Ω–∞–∫–æ –≤ –Ω–∞—á–∞–ª–µ —Ñ–µ–≤—Ä–∞–ª—è –≤–µ–Ω–≥–µ—Ä—Å–∫–æ–µ –∏–∑–¥–∞–Ω–∏–µ 444.hu —Å–æ–æ–±—â–∏–ª–æ —Å–æ —Å—Å—ã–ª–∫–æ–π –Ω–∞ —Å—É–¥–µ–±–Ω—ã–µ –¥–æ–∫—É–º–µ–Ω—Ç—ã, —á—Ç–æ –≤ —Å–ø–∏—Å–∫–µ –∏–º–µ–Ω –Ω–∞ –ø–æ–º–∏–ª–æ–≤–∞–Ω–∏–µ –µ—Å—Ç—å –∑–∞–º–µ—Å—Ç–∏—Ç–µ–ª—å –¥–∏—Ä–µ–∫—Ç–æ—Ä–∞ –¥–µ—Ç—Å–∫–æ–≥–æ –¥–æ–º–∞ –≤ –≥–æ—Ä–æ–¥–µ –ë–∏—á–∫–µ –ø–æ –∏–º–µ–Ω–∏ –ö. –≠–Ω–¥—Ä–µ, –∫–æ—Ç–æ—Ä—ã–π –ø–æ–º–æ–≥ —Å–≤–æ–µ–º—É –Ω–∞—á–∞–ª—å–Ω–∏–∫—É —Å–∫—Ä—ã—Ç—å –Ω–µ—Å–∫–æ–ª—å–∫–æ —Å–ª—É—á–∞–µ–≤ —Å–µ–∫—Å—É–∞–ª–∏–∑–∏—Ä–æ–≤–∞–Ω–Ω–æ–≥–æ –Ω–∞—Å–∏–ª–∏—è. –ö—Ä–æ–º–µ —Ç–æ–≥–æ, –æ–Ω –Ω–∞–ø–∏—Å–∞–ª –æ–¥–Ω–æ–º—É —Ä–µ–±–µ–Ω–∫—É —Ç–µ–∫—Å—Ç –æ—Ç–∫–∞–∑–∞ –æ—Ç –ø–æ–∫–∞–∑–∞–Ω–∏–π, –∫–æ—Ç–æ—Ä—ã–π —Ç–æ—Ç –¥–æ–ª–∂–µ–Ω –±—ã–ª –æ–∑–≤—É—á–∏—Ç—å.–í—Å–µ–≥–æ –æ –Ω–∞—Å–∏–ª–∏–∏ –≤ –ø–µ—Ä–∏–æ–¥ —Å 2004 –ø–æ 2016 –≥–æ–¥ —Ä–∞—Å—Å–∫–∞–∑–∞–ª–∏ –Ω–µ –º–µ–Ω–µ–µ –¥–µ—Å—è—Ç–∏ –º–∞–ª—å—á–∏–∫–æ–≤, –≤–æ—Å–ø–∏—Ç—ã–≤–∞–≤—à–∏—Ö—Å—è –≤ —ç—Ç–æ–º –¥–µ—Ç—Å–∫–æ–º –¥–æ–º–µ. –°—É–¥ –ø—Ä–∏–≥–æ–≤–æ—Ä–∏–ª –∑–∞–º–µ—Å—Ç–∏—Ç–µ–ª—è –¥–∏—Ä–µ–∫—Ç–æ—Ä–∞ –¥–µ—Ç—Å–∫–æ–≥–æ –¥–æ–º–∞ –∫ —Ç—Ä–µ–º –≥–æ–¥–∞–º –∏ —á–µ—Ç—ã—Ä–µ–º –º–µ—Å—è—Ü–∞–º –ª–∏—à–µ–Ω–∏—è —Å–≤–æ–±–æ–¥—ã.–†–µ—à–µ–Ω–∏–µ –ù–æ–≤–∞–∫ –æ –ø–æ–º–∏–ª–æ–≤–∞–Ω–∏–∏ –≤—ã–∑–≤–∞–ª–æ –º–Ω–æ–≥–æ—á–∏—Å–ª–µ–Ω–Ω—ã–µ –ø—Ä–æ—Ç–µ—Å—Ç—ã –Ω–µ—Å–∫–æ–ª—å–∫–∏—Ö –≤–µ–Ω–≥–µ—Ä—Å–∫–∏—Ö –æ–ø–ø–æ–∑–∏—Ü–∏–æ–Ω–Ω—ã—Ö –ø–∞—Ä—Ç–∏–π. –í –ø—è—Ç–Ω–∏—Ü—É, 9 —Ñ–µ–≤—Ä–∞–ª—è, –≤ –ë—É–¥–∞–ø–µ—à—Ç–µ –Ω–∞ –∞–∫—Ü–∏—é –ø—Ä–æ—Ç–µ—Å—Ç–∞ —Å —Ç—Ä–µ–±–æ–≤–∞–Ω–∏–µ–º –æ—Ç—Å—Ç–∞–≤–∫–∏ –ù–æ–≤–∞–∫ —Å–æ–±—Ä–∞–ª–æ—Å—å –±–æ–ª–µ–µ —Ç—ã—Å—è—á–∏ —á–µ–ª–æ–≤–µ–∫. –ù–µ–∫–æ—Ç–æ—Ä—ã–µ –ø—Ä–µ–¥—Å—Ç–∞–≤–∏—Ç–µ–ª–∏ –æ–ø–ø–æ–∑–∏—Ü–∏–∏ —Ç–∞–∫–∂–µ –ø—Ä–∏–∑–≤–∞–ª–∏ –ø—Ä–∞–≤—è—â—É—é –ø–∞—Ä—Ç–∏—é –û—Ä–±–∞–Ω–∞ –§–ò–î–ï–° –æ—Ç–æ–∑–≤–∞—Ç—å —Å–≤–æ–µ–≥–æ –¥–µ–ø—É—Ç–∞—Ç–∞ –∏ –±—ã–≤—à–µ–≥–æ –º–∏–Ω–∏—Å—Ç—Ä–∞ —é—Å—Ç–∏—Ü–∏–∏ –Æ–¥–∏—Ç –í–∞—Ä–≥—É, –∫–æ—Ç–æ—Ä–∞—è –ø–æ–¥–ø–∏—Å–∞–ª–∞ —Å–æ–≥–ª–∞—à–µ–Ω–∏–µ –æ –ø–æ–º–∏–ª–æ–≤–∞–Ω–∏–∏. –°–∞–º–∞ –ù–æ–≤–∞–∫ –≥–æ–≤–æ—Ä–∏–ª–∞, —á—Ç–æ –ø—Ä–∏ –µ–µ –ø—Ä–µ–∑–∏–¥–µ–Ω—Ç—Å—Ç–≤–µ ""–Ω–µ –±—ã–ª–æ –∏ –Ω–µ –±—É–¥–µ—Ç –ø–æ–º–∏–ª–æ–≤–∞–Ω–∏—è –ø–µ–¥–æ—Ñ–∏–ª–æ–≤"".–ö–∞—Ç–∞–ª–∏–Ω –ù–æ–≤–∞–∫ –≤—Å—Ç—É–ø–∏–ª–∞ –≤ –¥–æ–ª–∂–Ω–æ—Å—Ç—å –ø—Ä–µ–∑–∏–¥–µ–Ω—Ç–∞ –≤ –º–∞—Ä—Ç–µ 2022 –≥–æ–¥–∞ –∏ —Å—Ç–∞–ª–∞ –ø–µ—Ä–≤–æ–π –∂–µ–Ω—â–∏–Ω–æ–π –≤ –∏—Å—Ç–æ—Ä–∏–∏ —Å—Ç—Ä–∞–Ω—ã –Ω–∞ —ç—Ç–æ–º –ø–æ—Å—Ç—É.–ò–∑–¥–∞–Ω–∏–µ Politico –Ω–∞–∑—ã–≤–∞–µ—Ç –ù–æ–≤–∞–∫ –±–ª–∏–∑–∫–∏–º —Å–æ—é–∑–Ω–∏–∫–æ–º –ø—Ä–µ–º—å–µ—Ä-–º–∏–Ω–∏—Å—Ç—Ä–∞ –í–∏–∫—Ç–æ—Ä–∞ –û—Ä–±–∞–Ω–∞ –∏ –±—ã–≤—à–∏–º ""–º–∏–Ω–∏—Å—Ç—Ä–æ–º –±–µ–∑ –ø–æ—Ä—Ç—Ñ–µ–ª—è"" (–≥–æ—Å—É–¥–∞—Ä—Å—Ç–≤–µ–Ω–Ω—ã–π —Å–µ–∫—Ä–µ—Ç–∞—Ä—å) –ø–æ –¥–µ–ª–∞–º —Å–µ–º—å–∏ –∏ –º–æ–ª–æ–¥–µ–∂–∏ –µ–≥–æ –ø—Ä–∞–≤–∏—Ç–µ–ª—å—Å—Ç–≤–∞.",
#,name,info,img
1,–ù–∞ –∫—ã—Ä–≥—ã–∑—Å–∫–æ-–∫–∏—Ç–∞–π—Å–∫–æ–π –≥—Ä–∞–Ω–∏—Ü–µ –≤–Ω–æ–≤—å –ø—Ä–æ–∏–∑–æ—à–ª–æ –∑–µ–º–ª–µ—Ç—Ä—è—Å–µ–Ω–∏–µ,"–£—Ç—Ä–æ–º 11 —Ñ–µ–≤—Ä–∞–ª—è –Ω–∞ –∫—ã—Ä–≥—ã–∑—Å–∫–æ-–∫–∏—Ç–∞–π—Å–∫–æ–π –≥—Ä–∞–Ω–∏—Ü–µ –ø—Ä–æ–∏–∑–æ—à–ª–æ –∑–µ–º–ª–µ—Ç—Ä—è—Å–µ–Ω–∏–µ —Å–∏–ª–æ–π –æ–∫–æ–ª–æ 4 –±–∞–ª–ª–æ–≤. –ü–æ –¥–∞–Ω–Ω—ã–º –ò–Ω—Å—Ç–∏—Ç—É—Ç–∞ —Å–µ–π—Å–º–æ–ª–æ–≥–∏–∏ –ù–∞—Ü–∏–æ–Ω–∞–ª—å–Ω–æ–π –∞–∫–∞–¥–µ–º–∏–∏ –Ω–∞—É–∫ –ö—ã—Ä–≥—ã–∑—Å—Ç–∞–Ω–∞, –æ–Ω–æ –∑–∞—Ñ–∏–∫—Å–∏—Ä–æ–≤–∞–Ω–æ –≤ 09:03.–û—á–∞–≥ –∑–µ–º–ª–µ—Ç—Ä—è—Å–µ–Ω–∏—è —Ä–∞—Å–ø–æ–ª–∞–≥–∞–ª—Å—è –Ω–∞ —Ç–µ—Ä—Ä–∏—Ç–æ—Ä–∏–∏ –ö–∏—Ç–∞—è, –≤ 145 –∫–º –∫ —é–≥–æ-–≤–æ—Å—Ç–æ–∫—É –æ—Ç –ö–∞—Ä–∞–∫–æ–ª–∞.–í –Ω–∞—Å–µ–ª–µ–Ω–Ω—ã—Ö –ø—É–Ω–∫—Ç–∞—Ö –ö—ã—Ä–≥—ã–∑—Å—Ç–∞–Ω–∞ –∏–Ω—Ç–µ–Ω—Å–∏–≤–Ω–æ—Å—Ç—å –∑–µ–º–ª–µ—Ç—Ä—è—Å–µ–Ω–∏—è –Ω–µ –æ—â—É—â–∞–ª–∞—Å—å. 






                    –ó–µ–º–ª–µ—Ç—Ä—è—Å–µ–Ω–∏–µ –Ω–∞ –∫—ã—Ä–≥—ã–∑—Å–∫–æ-–∫–∏—Ç–∞–π—Å–∫–æ–π –≥—Ä–∞–Ω–∏—Ü–µ. –°–∫—Ä–∏–Ω —Å —Å–∞–π—Ç–∞ –ò–Ω—Å—Ç–∏—Ç—É—Ç–∞ —Å–µ–π—Å–º–æ–ª–æ–≥–∏–∏.                


–û—Ç–º–µ—Ç–∏–º, —á—Ç–æ —ç—Ç–æ –æ–¥–∏–Ω –∏–∑ –∞—Ñ—Ç–µ—Ä—à–æ–∫–æ–≤, –∫–æ—Ç–æ—Ä—ã–µ –Ω–µ —É—Ç–∏—Ö–∞—é—Ç –ø–æ—Å–ª–µ –æ—Å–Ω–æ–≤–Ω–æ–≥–æ –∑–µ–º–ª–µ—Ç—Ä—è—Å–µ–Ω–∏—è, –ø—Ä–æ–∏–∑–æ—à–µ–¥—à–µ–≥–æ 23 —è–Ω–≤–∞—Ä—è. –û–Ω–∏ –º–æ–≥—É—Ç –ø—Ä–æ–¥–æ–ª–∂–∞—Ç—å—Å—è –æ—Ç –ø–∞—Ä—ã —á–∞—Å–æ–≤ –¥–æ –ø–∞—Ä—ã –Ω–µ–¥–µ–ª—å.",
#,name,info,img
1,–£ –≤–æ–ª–∫–æ–≤ –∏–∑ —á–µ—Ä–Ω–æ–±—ã–ª—å—Å–∫–æ–π –∑–æ–Ω—ã —Ä–∞–∑–≤–∏–ª–∞—Å—å –Ω–µ–≤–æ—Å–ø—Ä–∏–∏–º—á–∏–≤–æ—Å—Ç—å –∫ —Ä–∞–∫—É,"–û–±–∏—Ç–∞—é—â–∏–µ –≤ –∑–æ–Ω–µ –æ—Ç—á—É–∂–¥–µ–Ω–∏—è –ß–µ—Ä–Ω–æ–±—ã–ª—å—Å–∫–æ–π –ê–≠–° –≤–æ–ª–∫–∏ –º–æ–≥—É—Ç –ø–æ–º–æ—á—å –ª—é–¥—è–º –≤ –±–æ—Ä—å–±–µ —Å –æ–Ω–∫–æ–ª–æ–≥–∏—á–µ—Å–∫–∏–º–∏ –∑–∞–±–æ–ª–µ–≤–∞–Ω–∏—è–º–∏. –ò—Å—Å–ª–µ–¥–æ–≤–∞—Ç–µ–ª—å–Ω–∏—Ü–∞ –∏–∑ –°–®–ê –≤—ã—è—Å–Ω–∏–ª–∞, —á—Ç–æ –ø–æ–¥ –≤–ª–∏—è–Ω–∏–µ–º —Ä–∞–¥–∏–∞—Ü–∏–∏ —ç—Ç–∏ –∂–∏–≤–æ—Ç–Ω—ã–µ –ø—Ä–∏–æ–±—Ä–µ–ª–∏ —É—Å—Ç–æ–π—á–∏–≤–æ—Å—Ç—å –∫ —Ä–∞–∫—É, —Ä–∞—Å—Å–∫–∞–∑—ã–≤–∞–µ—Ç Niked Science.C 1986 –≥–æ–¥–∞, –∫–æ–≥–¥–∞ —Å–ª—É—á–∏–ª–∞—Å—å –∞–≤–∞—Ä–∏—è –Ω–∞ –ß–µ—Ä–Ω–æ–±—ã–ª—å—Å–∫–æ–π –∞—Ç–æ–º–Ω–æ–π —ç–ª–µ–∫—Ç—Ä–æ—Å—Ç–∞–Ω—Ü–∏–∏, –≤ —ç—Ç–æ–π –æ–±–ª–∞—Å—Ç–∏ –ª—é–¥–∏ –Ω–µ –∂–∏–≤—É—Ç. –ó–¥–µ—Å—å –æ—Å—Ç–∞–ª–∏—Å—å —Ç–æ–ª—å–∫–æ –∂–∏–≤–æ—Ç–Ω—ã–µ. –ù–µ—Å–º–æ—Ç—Ä—è –Ω–∞ —Ä–∞–¥–∏–∞—Ü–∏–æ–Ω–Ω–æ–µ –∑–∞—Ä–∞–∂–µ–Ω–∏–µ, —ç—Ç–∞ —Ç–µ—Ä—Ä–∏—Ç–æ—Ä–∏—è –ø–ª–æ—â–∞–¥—å—é –ø—Ä–∏–º–µ—Ä–Ω–æ 2 600 –∫–≤–∞–¥—Ä–∞—Ç–Ω—ã—Ö –∫–∏–ª–æ–º–µ—Ç—Ä–æ–≤ –∏–∑–æ–±–∏–ª—É–µ—Ç —Ä–∞–∑–ª–∏—á–Ω—ã–º–∏ –∂–∏–≤–æ—Ç–Ω—ã–º–∏ - –∫–∞–∫ –º–µ–ª–∫–∏–º–∏, —Ç–∞–∫ –∏ –±–æ–ª–µ–µ –∫—Ä—É–ø–Ω—ã–º–∏ –≤—Ä–æ–¥–µ –ª–æ—Å–µ–π, –∫–∞–±–∞–Ω–æ–≤ –∏ –≤–æ–ª–∫–æ–≤. 






                    –í–æ–ª–∫ –≤ –∑–æ–Ω–µ –æ—Ç—á—É–∂–¥–µ–Ω–∏—è –ß–µ—Ä–Ω–æ–±—ã–ª—å—Å–∫–æ–π –ê–≠–°. –§–æ—Ç–æ: X / CaraNLove.                


–¢–∞–∫–∏–º –æ–±—Ä–∞–∑–æ–º —ç—Ç–∞ —Ç–µ—Ä—Ä–∏—Ç–æ—Ä–∏—è —Å—Ç–∞–ª–∞ –µ—Å—Ç–µ—Å—Ç–≤–µ–Ω–Ω–æ–π –ª–∞–±–æ—Ä–∞—Ç–æ—Ä–∏–µ–π, –≥–¥–µ –ø–æ–¥ –≤–ª–∏—è–Ω–∏–µ–º –ø–æ–≤—ã—à–µ–Ω–Ω—ã—Ö –¥–æ–∑ —Ä–∞–¥–∏–∞—Ü–∏–∏ –ø—Ä–æ–∏—Å—Ö–æ–¥—è—Ç –º–Ω–æ–≥–∏–µ —ç–≤–æ–ª—é—Ü–∏–æ–Ω–Ω—ã–µ –ø—Ä–æ—Ü–µ—Å—Å—ã. –ò —ç—Ç–∏–º –Ω–µ –ø—Ä–µ–º–∏–Ω—É–ª–∏ –≤–æ—Å–ø–æ–ª—å–∑–æ–≤–∞—Ç—å—Å—è —É—á–µ–Ω—ã–µ. –ë–∏–æ–ª–æ–≥–∏ –∏ –¥—Ä—É–≥–∏–µ —Å–ø–µ—Ü–∏–∞–ª–∏—Å—Ç—ã —Å–æ –≤—Å–µ–≥–æ –º–∏—Ä–∞ –Ω–µ–æ–¥–Ω–æ–∫—Ä–∞—Ç–Ω–æ —Ä–∞–±–æ—Ç–∞–ª–∏ –≤ –ß–µ—Ä–Ω–æ–±—ã–ª–µ, –∏–∑—É—á–∞—è —Ä–µ–∞–∫—Ü–∏—é —Ä–∞–∑–ª–∏—á–Ω—ã—Ö –≤–∏–¥–æ–≤ –∏ –æ—Ä–≥–∞–Ω–∏–∑–º–æ–≤ –≤ –∑–æ–Ω–µ –æ—Ç—á—É–∂–¥–µ–Ω–∏—è.–û–¥–Ω–∏–º –∏–∑ —Ç–∞–∫–∏—Ö –∏—Å—Å–ª–µ–¥–æ–≤–∞—Ç–µ–ª–µ–π —Å—Ç–∞–ª–∞ –±–∏–æ–ª–æ–≥-—ç–≤–æ–ª—é—Ü–∏–æ–Ω–∏—Å—Ç –∏ —ç–∫–æ—Ç–æ–∫—Å–∏–∫–æ–ª–æ–≥ –ö–∞—Ä–∞ –õ–∞–≤ (Cara Love) –∏–∑ –ü—Ä–∏–Ω—Å—Ç–æ–Ω—Å–∫–æ–≥–æ —É–Ω–∏–≤–µ—Ä—Å–∏—Ç–µ—Ç–∞ (–°–®–ê). –ü—Ä–µ–¥–º–µ—Ç–æ–º –Ω–∞—É—á–Ω—ã—Ö –∏–∑—ã—Å–∫–∞–Ω–∏–π –æ–Ω–∞ –≤—ã–±—Ä–∞–ª–∞ —á–µ—Ä–Ω–æ–±—ã–ª—å—Å–∫–∏—Ö –≤–æ–ª–∫–æ–≤.–í 2014 –≥–æ–¥—É –õ–∞–≤ —Å –∫–æ–ª–ª–µ–≥–∞–º–∏ –ø–æ–±—ã–≤–∞–ª–∞ –≤ –∑–æ–Ω–µ –æ—Ç—á—É–∂–¥–µ–Ω–∏—è, —á—Ç–æ–±—ã —É—Å—Ç–∞–Ω–æ–≤–∏—Ç—å –Ω–∞ –º–µ—Å—Ç–Ω—ã—Ö –≤–æ–ª–∫–æ–≤ —Å–ø–µ—Ü–∏–∞–ª—å–Ω—ã–µ GPS-–æ—à–µ–π–Ω–∏–∫–∏ —Å –¥–æ–∑–∏–º–µ—Ç—Ä–∞–º–∏ –∏ –≤–∑—è—Ç—å —É –∂–∏–≤–æ—Ç–Ω—ã—Ö –∫—Ä–æ–≤—å –Ω–∞ –∞–Ω–∞–ª–∏–∑. –≠—Ç–∏ –æ—à–µ–π–Ω–∏–∫–∏ –ø–æ–∑–≤–æ–ª–∏–ª–∏ —É—á–µ–Ω—ã–º –≤ —Ä–µ–∞–ª—å–Ω–æ–º –≤—Ä–µ–º–µ–Ω–∏ –æ—Ç—Å–ª–µ–∂–∏–≤–∞—Ç—å, –≥–¥–µ –Ω–∞—Ö–æ–¥—è—Ç—Å—è —á–µ—Ä–Ω–æ–±—ã–ª—å—Å–∫–∏–µ –≤–æ–ª–∫–∏ –∏ –∫–∞–∫–æ–º—É —É—Ä–æ–≤–Ω—é —Ä–∞–¥–∏–∞—Ü–∏–∏ –ø–æ–¥–≤–µ—Ä–≥–∞—é—Ç—Å—è. 






                    –ë–∏–æ–ª–æ–≥ –ö–∞—Ä–∞ –õ–∞–≤ —É—Å—Ç–∞–Ω–∞–≤–ª–∏–≤–∞–µ—Ç –Ω–∞ –≤–æ–ª–∫–∞ GPS-–æ—à–µ–π–Ω–∏–∫ —Å –¥–æ–∑–∏–º–µ—Ç—Ä–æ–º. –§–æ—Ç–æ: Finger Lakes Community College.                


""–í—ã—è—Å–Ω–∏–ª–æ—Å—å, —á—Ç–æ –Ω–∞ –ø—Ä–æ—Ç—è–∂–µ–Ω–∏–∏ –≤—Å–µ–π –∂–∏–∑–Ω–∏ –æ–Ω–∏ –ø–æ–ª—É—á–∞—é—Ç 11,28 –º–∏–ª–ª–∏—Ä–µ–Ω—Ç–≥–µ–Ω–∞, –∏–ª–∏ 110 –º–∏–∫—Ä–æ–∑–∏–≤–µ—Ä—Ç–æ–≤, –≤ —Å—É—Ç–∫–∏. –ü–æ —Å–ª–æ–≤–∞–º —É—á–µ–Ω—ã—Ö, —ç—Ç–æ –≤ —à–µ—Å—Ç—å —Ä–∞–∑ –ø—Ä–µ–≤—ã—à–∞–µ—Ç –ø—Ä–µ–¥–µ–ª—å–Ω—ã–π –±–µ–∑–æ–ø–∞—Å–Ω—ã–π —É—Ä–æ–≤–µ–Ω—å, —É—Å—Ç–∞–Ω–æ–≤–ª–µ–Ω–Ω—ã–π –¥–ª—è –ª—é–¥–µ–π. –ò–∑—É—á–∏–≤ –±–∏–æ–º–∞—Ç–µ—Ä–∏–∞–ª—ã –≤–æ–ª–∫–æ–≤, –∞–º–µ—Ä–∏–∫–∞–Ω—Å–∫–∞—è –∏—Å—Å–ª–µ–¥–æ–≤–∞—Ç–µ–ª—å–Ω–∏—Ü–∞ –æ–±–Ω–∞—Ä—É–∂–∏–ª–∞ –∏–∑–º–µ–Ω–µ–Ω–∏—è, –∫–æ—Ç–æ—Ä—ã–µ –Ω–∞–ø–æ–º–∏–Ω–∞–ª–∏ —Ç–µ, —á—Ç–æ –≤—Å—Ç—Ä–µ—á–∞—é—Ç—Å—è —É —Ä–∞–∫–æ–≤—ã—Ö –±–æ–ª—å–Ω—ã—Ö, –ø—Ä–æ—Ö–æ–¥—è—â–∏—Ö –ª—É—á–µ–≤—É—é —Ç–µ—Ä–∞–ø–∏—é"", - –ø–∏—à–µ—Ç –∏–∑–¥–∞–Ω–∏–µ.–£—á–µ–Ω—ã–µ —Ç–∞–∫–∂–µ –≤—ã—è–≤–∏–ª–∏ –æ–ø—Ä–µ–¥–µ–ª–µ–Ω–Ω—ã–µ —É—á–∞—Å—Ç–∫–∏ –≥–µ–Ω–æ–º–∞ –≤–æ–ª–∫–æ–≤, –æ–±–µ—Å–ø–µ—á–∏–≤–∞—é—â–∏–µ —É—Å—Ç–æ–π—á–∏–≤–æ—Å—Ç—å –æ—Ä–≥–∞–Ω–∏–∑–º–∞ –∫ —Ñ–∞–∫—Ç–æ—Ä–∞–º —Ä–∏—Å–∫–∞ —Ä–∞–∑–≤–∏—Ç–∏—è —Ä–∞–∫–∞. –õ–∞–≤ –Ω–∞–¥–µ–µ—Ç—Å—è, —á—Ç–æ —ç—Ç–æ –ø–æ–∑–≤–æ–ª–∏—Ç –æ—Ç–∫—Ä—ã—Ç—å –∑–∞—â–∏—Ç–Ω—ã–µ –º—É—Ç–∞—Ü–∏–∏, –∫–æ—Ç–æ—Ä—ã–µ –ø–æ–≤—ã—à–∞—é—Ç —à–∞–Ω—Å—ã –≤—ã–∂–∏—Ç—å –ø–æ—Å–ª–µ —Ä–∞–∫–∞.–†–µ–∑—É–ª—å—Ç–∞—Ç—ã —Å–≤–æ–µ–π —Ä–∞–±–æ—Ç—ã –∞–≤—Ç–æ—Ä –ø—Ä–µ–¥—Å—Ç–∞–≤–∏–ª–∞ –≤ –¥–æ–∫–ª–∞–¥–µ –Ω–∞ –µ–∂–µ–≥–æ–¥–Ω–æ–π –≤—Å—Ç—Ä–µ—á–µ –û–±—â–µ—Å—Ç–≤–∞ –∏–Ω—Ç–µ–≥—Ä–∞—Ç–∏–≤–Ω–æ–π –∏ —Å—Ä–∞–≤–Ω–∏—Ç–µ–ª—å–Ω–æ–π –±–∏–æ–ª–æ–≥–∏–∏ (Society for Integrative and Comparative Biology, SICB), –ø—Ä–æ—à–µ–¥—à–µ–π –≤ –°–∏—ç—Ç–ª–µ –≤ —è–Ω–≤–∞—Ä–µ 2024 –≥–æ–¥–∞.–í–ø—Ä–æ—á–µ–º, –Ω–∏ –∫ –∫–∞–∫–∏–º –æ–¥–Ω–æ–∑–Ω–∞—á–Ω—ã–º –≤—ã–≤–æ–¥–∞–º –ø–æ —Ç–µ–º–µ –ø—Ä–æ—Ñ–∏–ª–∞–∫—Ç–∏–∫–∏ —Ä–∞–∫–∞ –∑–∞ —Å—á–µ—Ç —É–º–µ—Ä–µ–Ω–Ω—ã—Ö –µ–∂–µ–¥–Ω–µ–≤–Ω—ã—Ö –¥–æ–∑ –≥–∞–º–º–∞-–∏–∑–ª—É—á–µ–Ω–∏—è —É—á–µ–Ω—ã–µ –¥–æ —Å–∏—Ö –ø–æ—Ä –Ω–µ –ø—Ä–∏—à–ª–∏. –û—Ç–∫—Ä—ã—Ç–∏—è –∞–º–µ—Ä–∏–∫–∞–Ω—Å–∫–æ–π –∏—Å—Å–ª–µ–¥–æ–≤–∞—Ç–µ–ª—å–Ω–∏—Ü—ã –≥–æ–≤–æ—Ä—è—Ç –ª–∏—à—å –æ –Ω–µ–æ–±—Ö–æ–¥–∏–º–æ—Å—Ç–∏ –¥–∞–ª—å–Ω–µ–π—à–∏—Ö —ç–∫—Å–ø–µ—Ä–∏–º–µ–Ω—Ç–æ–≤ –∏ –Ω–∞—É—á–Ω—ã—Ö —Ä–∞–±–æ—Ç –≤ —ç—Ç–æ–π –æ–±–ª–∞—Å—Ç–∏.",
#,name,info,img
1,"–ú—É–∂—á–∏–Ω–∞ –ø–æ—Ç—Ä–∞—Ç–∏–ª –≤–æ—Å–µ–º—å –ª–µ—Ç, —á—Ç–æ–±—ã –ø–æ–±–∏—Ç—å —Ä–µ–∫–æ—Ä–¥, –Ω–æ –µ–º—É –æ—Ç–∫–∞–∑–∞–ª–∏ –∏–∑-–∑–∞ —Ñ–æ—Ä–º—ã —Å–ø–∏—á–µ–∫","–ü—Ä–µ–¥—Å—Ç–∞–≤–∏—Ç–µ–ª–∏ –ö–Ω–∏–≥–∏ —Ä–µ–∫–æ—Ä–¥–æ–≤ –ì–∏–Ω–Ω–µ—Å—Å–∞ –æ—Ç–∫–∞–∑–∞–ª–∏—Å—å —Ä–µ–≥–∏—Å—Ç—Ä–∏—Ä–æ–≤–∞—Ç—å —Å–µ–º–∏–º–µ—Ç—Ä–æ–≤—É—é –º–æ–¥–µ–ª—å –≠–π—Ñ–µ–ª–µ–≤–æ–π –±–∞—à–Ω–∏ –∏–∑ —Å–ø–∏—á–µ–∫. –û–± —ç—Ç–æ–º —Å–æ–æ–±—â–∞–µ—Ç TF1.–ü–æ —Ç–µ–º–µ:–≠–∫—Å-—Ä–µ—Ñ–µ—Ä–∏ FIFA –ø–æ —Ñ—É—Ç–∑–∞–ª—É –ù—É—Ä–¥–∏–Ω –ë—É–∫—É–µ–≤ –ø–æ–ø–∞–ª –≤ –ö–Ω–∏–≥—É —Ä–µ–∫–æ—Ä–¥–æ–≤ –ì–∏–Ω–Ω–µ—Å—Å–∞–ö–∞–∫ —Å–æ–æ–±—â–∞–µ—Ç –∏—Å—Ç–æ—á–Ω–∏–∫, 47-–ª–µ—Ç–Ω–∏–π —Ñ—Ä–∞–Ω—Ü—É–∑ –†–∏—à–∞—Ä –ü–ª–æ —Å–æ–∑–¥–∞–≤–∞–ª –º–∏–Ω–∏–∞—Ç—é—Ä—É –≠–π—Ñ–µ–ª–µ–≤–æ–π –±–∞—à–Ω–∏ –ø—Ä–∏–º–µ—Ä–Ω–æ –ø–æ–ª–≥–æ–¥–∞, –∞ —Å–∞–º –ø—Ä–æ–µ–∫—Ç –∑–∞–Ω—è–ª —É –Ω–µ–≥–æ –≤–æ—Å–µ–º—å –ª–µ—Ç. –ü–æ—Å—Ç—Ä–æ–µ–Ω–∞ –∫–æ–Ω—Å—Ç—Ä—É–∫—Ü–∏—è –∏–∑ 706‚ÄØ900 —Å–ø–∏—á–µ–∫. –û—Ç–º–µ—á–∞–µ—Ç—Å—è, —á—Ç–æ –µ–≥–æ –º–æ–¥–µ–ª—å –≠–π—Ñ–µ–ª–µ–≤–æ–π –±–∞—à–Ω–∏ ‚Äì —Å–∞–º–∞—è –≤—ã—Å–æ–∫–∞—è –∫–æ–Ω—Å—Ç—Ä—É–∫—Ü–∏—è –∏–∑ —Å–ø–∏—á–µ–∫ –≤ –º–∏—Ä–µ. 






                    –≠–π—Ñ–µ–ª–µ–≤–∞ –±–∞—à–Ω—è –∏–∑ —Å–ø–∏—á–µ–∫. –§–æ—Ç–æ: Facebook/Richard Plaud.                


–¢–µ–º –Ω–µ –º–µ–Ω–µ–µ —ç–∫—Å–ø–µ—Ä—Ç—ã –ö–Ω–∏–≥–∏ —Ä–µ–∫–æ—Ä–¥–æ–≤ –ì–∏–Ω–Ω–µ—Å—Å–∞ –Ω–µ –∑–∞—Å—á–∏—Ç–∞–ª–∏ —Ä–µ–∫–æ—Ä–¥. –ò—Ö —Ä–µ—à–µ–Ω–∏–µ –æ–±—ä—è—Å–Ω—è–µ—Ç—Å—è —Ç–µ–º, —á—Ç–æ –ø—Ä–∏ —Å—Ç—Ä–æ–∏—Ç–µ–ª—å—Å—Ç–≤–µ –µ–º—É —Å–ª–µ–¥–æ–≤–∞–ª–æ –∏—Å–ø–æ–ª—å–∑–æ–≤–∞—Ç—å –º–∞–≥–∞–∑–∏–Ω–Ω—ã–µ —Å–ø–∏—á–∫–∏, —Å –∫–æ—Ç–æ—Ä—ã—Ö –Ω–µ–æ–±—Ö–æ–¥–∏–º–æ —Å—Ä–µ–∑–∞—Ç—å –≤–æ—Å–ø–ª–∞–º–µ–Ω—è–µ–º—ã–µ —Å–µ—Ä–Ω—ã–µ –Ω–∞–∫–æ–Ω–µ—á–Ω–∏–∫–∏, –Ω–æ –Ω–µ –¥–µ—Ñ–æ—Ä–º–∏—Ä–æ–≤–∞—Ç—å. –ß—Ç–æ –∫–∞—Å–∞–µ—Ç—Å—è –∑–∞—è–≤–∫–∏ –ü–ª–æ, —Ç–æ –µ–µ –¥–∏—Å–∫–≤–∞–ª–∏—Ñ–∏—Ü–∏—Ä–æ–≤–∞–ª–∏, –ø–æ—Å–∫–æ–ª—å–∫—É —Å–ø–∏—á–∫–∏, –∫–æ—Ç–æ—Ä—ã–µ –æ–Ω –∏—Å–ø–æ–ª—å–∑–æ–≤–∞–ª, –Ω–µ –±—ã–ª–∏ –¥–æ—Å—Ç—É–ø–Ω—ã –≤ –ø—Ä–æ–¥–∞–∂–µ.–ò–∑–Ω–∞—á–∞–ª—å–Ω–æ –º—É–∂—á–∏–Ω–∞ —Å–æ–±–∏—Ä–∞–ª –±–∞—à–Ω—é –∏–∑ –æ–±—ã—á–Ω—ã—Ö —Å–ø–∏—á–µ–∫, –Ω–æ –ø–æ—Ç–æ–º —É—Å—Ç–∞–ª –æ—Ç –Ω–µ–æ–±—Ö–æ–¥–∏–º–æ—Å—Ç–∏ –ø–æ—Å—Ç–æ—è–Ω–Ω–æ —Å—Ä–µ–∑–∞—Ç—å –Ω–∞–∫–æ–Ω–µ—á–Ω–∏–∫–∏. –¢–æ–≥–¥–∞ –æ–Ω —Ä–µ—à–∏–ª –∑–∞–∫–∞–∑–∞—Ç—å —É –ø—Ä–æ–∏–∑–≤–æ–¥–∏—Ç–µ–ª–µ–π —Å–ø–∏—á–∫–∏ –±–µ–∑ –≤–æ—Å–ø–ª–∞–º–µ–Ω—è—é—â–∏—Ö—Å—è —ç–ª–µ–º–µ–Ω—Ç–æ–≤. –§—Ä–∞–Ω—Ü—É–∑ –Ω–∞–∑–≤–∞–ª —Ä–µ—à–µ–Ω–∏–µ –ö–Ω–∏–≥–∏ —Ä–µ–∫–æ—Ä–¥–æ–≤ –ì–∏–Ω–Ω–µ—Å—Å–∞ ""–±–æ–ª—å—à–∏–º —Ä–∞–∑–æ—á–∞—Ä–æ–≤–∞–Ω–∏–µ–º"". –ú–æ–ª, –æ–Ω–∏ –¥–∞–∂–µ –Ω–µ –≤–∏–¥–µ–ª–∏ –±–∞—à–Ω—é –≤ —Ä–µ–∞–ª—å–Ω–æ–π –∂–∏–∑–Ω–∏, –∞ –ø—Ä–æ—Å—Ç–æ –æ—Ç–∫–ª–æ–Ω–∏–ª–∏ –∑–∞—è–≤–∫—É. –ü–æ—ç—Ç–æ–º—É –ø–æ–∫–∞ —Ä–µ–∫–æ—Ä–¥ –æ—Å—Ç–∞–µ—Ç—Å—è –∑–∞ –ª–∏–≤–∞–Ω—Å–∫–∏–º –º–∞—Å—Ç–µ—Ä–æ–º –¢—É—Ñ–∏–∫–æ–º –î–∞—Ö–µ—Ä–æ–º. –í 2009 –≥–æ–¥—É –æ–Ω –ø—Ä–µ–¥—Å—Ç–∞–≤–∏–ª –º–æ–¥–µ–ª—å –≤—ã—Å–æ—Ç–æ–π 6,53 –º–µ—Ç—Ä–∞.",
#,name,info,img
1,–í –ê–Ω–∞–Ω—å–µ–≤–æ –æ–±–Ω–∞—Ä—É–∂–∏–ª–∏ —Ä–∞–Ω–µ–Ω–æ–≥–æ —Ñ–∏–ª–∏–Ω–∞,"–ñ–∏—Ç–µ–ª—å –ê–Ω–∞–Ω—å–µ–≤–æ –ò—Å—Å—ã–∫-–ö—É–ª—å—Å–∫–æ–π –æ–±–ª–∞—Å—Ç–∏ –æ–±–Ω–∞—Ä—É–∂–∏–ª —É —Å–µ–±—è –≤ —Å–∞–¥—É —Ñ–∏–ª–∏–Ω–∞, –∫–æ—Ç–æ—Ä—ã–π –Ω–µ –º–æ–≥ —É–ª–µ—Ç–µ—Ç—å. –ü—Ç–∏—Ü—É –∑–∞–±—Ä–∞–ª —Ñ–æ—Ç–æ–≥—Ä–∞—Ñ –ò–≤–∞–Ω –¢—É—Ä–∫–æ–≤—Å–∫–∏–π –∏ –ø–µ—Ä–µ–¥–∞–ª –æ–±—â–µ—Å—Ç–≤–µ–Ω–Ω–æ–º—É —Ñ–æ–Ω–¥—É ""–ë—É–≥—É-–≠–Ω–µ"". –í–æ –≤—Ä–µ–º—è —Ä–µ–Ω—Ç–≥–µ–Ω–∞ —É –≤–µ—Ç–µ—Ä–∏–Ω–∞—Ä–∞ –≤—ã—è—Å–Ω–∏–ª–æ—Å—å, —á—Ç–æ —É —Ñ–∏–ª–∏–Ω–∞ –º–Ω–æ–∂–µ—Å—Ç–≤–µ–Ω–Ω—ã–µ –ø–æ–≤—Ä–µ–∂–¥–µ–Ω–∏—è –ª–µ–≤–æ–≥–æ –∫—Ä—ã–ª–∞: –æ–≥–Ω–µ—Å—Ç—Ä–µ–ª—å–Ω—ã–µ —Ä–∞–Ω–µ–Ω–∏—è, –∑–∞—Å—Ç—Ä—è–≤—à–∞—è –¥—Ä–æ–±—å, –ø–µ—Ä–µ–ª–æ–º, –ø–æ–¥–≤—ã–≤–∏—Ö —Å—É—Å—Ç–∞–≤–æ–≤, –∞ —Ç–∞–∫–∂–µ –≥—Ä–∏–±–∫–æ–≤–æ–µ –ø–æ—Ä–∞–∂–µ–Ω–∏–µ –ª–µ–≥–∫–∏—Ö. ""–î—Ä–æ–±—å –∏–∑–≤–ª–µ–∫–ª–∏, –ª–µ—á–µ–Ω–∏–µ –Ω–∞–∑–Ω–∞—á–∏–ª–∏. –§–∏–ª—è - —Ç–∞–∫ —Ç–µ–ø–µ—Ä—å –µ–≥–æ –∑–æ–≤—É—Ç, –ø–æ–∫–∞ –±—É–¥–µ—Ç –∂–∏—Ç—å –≤ –Ω–µ–±–æ–ª—å—à–æ–º –≤–æ–ª—å–µ—Ä–µ, —á—Ç–æ–±—ã –∏—Å–∫–ª—é—á–∏—Ç—å —Ç—Ä–∞–≤–º–∞—Ç–∏–∑–∞—Ü–∏—é –∫—Ä—ã–ª–∞ –∏ –¥–∞—Ç—å –µ–º—É –ø–æ–∫–æ–π"", - —Ä–∞—Å—Å–∫–∞–∑–∞–ª–∏ –≤ —Ñ–æ–Ω–¥–µ. 
slide 2  of 3






                                –í –ê–Ω–∞–Ω—å–µ–≤–æ –æ–±–Ω–∞—Ä—É–∂–∏–ª–∏ —Ä–∞–Ω–µ–Ω–Ω–æ–≥–æ —Ñ–∏–ª–∏–Ω–∞. –§–æ—Ç–æ: –û–§ ""–ë—É–≥—É-–≠–Ω–µ"".                            








                                –í –ê–Ω–∞–Ω—å–µ–≤–æ –æ–±–Ω–∞—Ä—É–∂–∏–ª–∏ —Ä–∞–Ω–µ–Ω–Ω–æ–≥–æ —Ñ–∏–ª–∏–Ω–∞. –§–æ—Ç–æ: –û–§ ""–ë—É–≥—É-–≠–Ω–µ"".                            








                                –í –ê–Ω–∞–Ω—å–µ–≤–æ –æ–±–Ω–∞—Ä—É–∂–∏–ª–∏ —Ä–∞–Ω–µ–Ω–Ω–æ–≥–æ —Ñ–∏–ª–∏–Ω–∞. –§–æ—Ç–æ: –û–§ ""–ë—É–≥—É-–≠–Ω–µ"".                            








                                –í –ê–Ω–∞–Ω—å–µ–≤–æ –æ–±–Ω–∞—Ä—É–∂–∏–ª–∏ —Ä–∞–Ω–µ–Ω–Ω–æ–≥–æ —Ñ–∏–ª–∏–Ω–∞. –§–æ—Ç–æ: –û–§ ""–ë—É–≥—É-–≠–Ω–µ"".                            








                                –í –ê–Ω–∞–Ω—å–µ–≤–æ –æ–±–Ω–∞—Ä—É–∂–∏–ª–∏ —Ä–∞–Ω–µ–Ω–Ω–æ–≥–æ —Ñ–∏–ª–∏–Ω–∞. –§–æ—Ç–æ: –û–§ ""–ë—É–≥—É-–≠–Ω–µ"".                            




1

                         –∏–∑                     
3





–û–∫–∞–∑–∞—Ç—å –ø–æ–º–æ—â—å –≤ —Å–ø–∞—Å–µ–Ω–∏–∏ –¥–∏–∫–∏—Ö –∂–∏–≤–æ—Ç–Ω—ã—Ö –≤—ã –º–æ–∂–µ—Ç–µ, –ø–µ—Ä–µ—á–∏—Å–ª–∏–≤ —Å—Ä–µ–¥—Å—Ç–≤–∞ –ø–æ —Å–ª–µ–¥—É—é—â–∏–º —Ä–µ–∫–≤–∏–∑–∏—Ç–∞–º:4169 5853 5200 6620 - –∫–∞—Ä—Ç–∞ VISA (Optima Bank);4177 4901 5849 5939 - –∫–∞—Ä—Ç–∞ VISA (–±–∞–Ω–∫ ""–ö—ã—Ä–≥—ã–∑—Å—Ç–∞–Ω"");2202 2069 4940 5034 –∏–ª–∏ +79091681171 - –°–±–µ—Ä–±–∞–Ω–∫;+996553634238 - —ç–ª–µ–∫—Ç—Ä–æ–Ω–Ω—ã–π –∫–æ—à–µ–ª–µ–∫ MBank (–±–∞–Ω–∫ ""–ö—ã—Ä–≥—ã–∑—Å—Ç–∞–Ω"");+996553634238 - —ç–ª–µ–∫—Ç—Ä–æ–Ω–Ω—ã–π –∫–æ—à–µ–ª–µ–∫ ""–≠–ª—Å–æ–º"" (KI–°B);—Ä–∞—Å—á–µ—Ç–Ω—ã–π —Å—á–µ—Ç –≤ Optima Bank/""–û–ø—Ç–∏–º–∞ –ë–∞–Ω–∫"" - 1091820239920161 (multicurrency), BIC/–ë–ò–ö: 109018, SWIFT: ENEJKG22, –ø–æ–ª—É—á–∞—Ç–µ–ª—å: –æ–±—â–µ—Å—Ç–≤–µ–Ω–Ω—ã–π —Ñ–æ–Ω–¥ ""–ë—É–≥—É-–≠–Ω–µ"" (BUGU-ENYE Foundation);‚†ÄDemir Kyrgyz International Bank/""–î–µ–º–∏—Ä –ë–∞–Ω–∫"": 1180000087152686 - KGS, 1180000087152787 - USD, 1180000087152888 - EUR, BIC/–ë–ò–ö: 118005 (Head Saltanat Seitova).",
#,name,info,img
1,"–ú—É–∂—á–∏–Ω–∞ —Å–∏—Å—Ç–µ–º–∞—Ç–∏—á–µ—Å–∫–∏ –∏–∑–±–∏–≤–∞–ª –∂–µ–Ω—É, –Ω–µ—Å–º–æ—Ç—Ä—è –Ω–∞ –æ—Ö—Ä–∞–Ω–Ω—ã–π –æ—Ä–¥–µ—Ä","–ó–∞–¥–µ—Ä–∂–∞–Ω –º—É–∂—á–∏–Ω–∞, –∫–æ—Ç–æ—Ä—ã–π —Å–∏—Å—Ç–µ–º–∞—Ç–∏—á–µ—Å–∫–∏ —Å–æ–≤–µ—Ä—à–∞–ª —Å–µ–º–µ–π–Ω–æ–µ –Ω–∞—Å–∏–ª–∏–µ. –û–± —ç—Ç–æ–º —Å–æ–æ–±—â–∏–ª–∏ –≤ –ø—Ä–µ—Å—Å-—Å–ª—É–∂–±–µ –£–í–î –ü–µ—Ä–≤–æ–º–∞–π—Å–∫–æ–≥–æ —Ä–∞–π–æ–Ω–∞.–ò–∑–≤–µ—Å—Ç–Ω–æ, —á—Ç–æ 6 —Ñ–µ–≤—Ä–∞–ª—è –≤ –º–∏–ª–∏—Ü–∏—é —Å –∑–∞—è–≤–ª–µ–Ω–∏–µ–º –æ–±—Ä–∞—Ç–∏–ª–∞—Å—å –∂–µ–Ω—â–∏–Ω–∞. –û–Ω–∞ —Ä–∞—Å—Å–∫–∞–∑–∞–ª–∞, —á—Ç–æ –º—É–∂ –ö. –ù. –æ—á–µ–Ω—å —á–∞—Å—Ç–æ –∏–∑–±–∏–≤–∞–µ—Ç –µ–µ –∏ –Ω–∞–Ω–æ—Å–∏—Ç —Ç–µ–ª–µ—Å–Ω—ã–µ –ø–æ–≤—Ä–µ–∂–¥–µ–Ω–∏—è. 






                    –ú—É–∂—á–∏–Ω–∞ —Å–∏—Å—Ç–µ–º–∞—Ç–∏—á–µ—Å–∫–∏ –∏–∑–±–∏–≤–∞–ª –∂–µ–Ω—É, –Ω–µ—Å–º–æ—Ç—Ä—è –Ω–∞ –æ—Ö—Ä–∞–Ω–Ω—ã–π –æ—Ä–¥–µ—Ä. –§–æ—Ç–æ: –ø—Ä–µ—Å—Å-—Å–ª—É–∂–±–∞ –£–í–î –ü–µ—Ä–≤–æ–º–∞–π—Å–∫–æ–≥–æ —Ä–∞–π–æ–Ω–∞.                


–£—á–∞—Å—Ç–∫–æ–≤—ã–µ —Ä–∞–π–æ–Ω–Ω–æ–≥–æ —É–ø—Ä–∞–≤–ª–µ–Ω–∏—è –Ω–µ–æ–¥–Ω–æ–∫—Ä–∞—Ç–Ω–æ –ø—Ä–µ–¥—É–ø—Ä–µ–∂–¥–∞–ª–∏ –º—É–∂—á–∏–Ω—É, –±—ã–ª –≤—ã–¥–∞–Ω –æ—Ö—Ä–∞–Ω–Ω—ã–π –æ—Ä–¥–µ—Ä, —Ç–∞–∫–∂–µ –¥–æ—Å—Ç–∞–≤–ª—è–ª–∏ –≤ —Ä–∞–π–æ–Ω–Ω—ã–π —Å—É–¥. –ù–æ –Ω–µ—Å–º–æ—Ç—Ä—è –Ω–∞ —ç—Ç–∏ —Ç—Ä–µ–±–æ–≤–∞–Ω–∏—è, –Ω–∞—Å–∏–ª–∏–µ –≤ —Å–µ–º—å–µ –ø—Ä–æ–¥–æ–ª–∂–∞–ª–æ—Å—å. –î–∞–Ω–Ω—ã–π —Ñ–∞–∫—Ç –±—ã–ª –∑–∞—Ä–µ–≥–∏—Å—Ç—Ä–∏—Ä–æ–≤–∞–Ω –≤ –ñ–£–ò, –∏ –≤–æ–∑–±—É–∂–¥–µ–Ω–æ —É–≥–æ–ª–æ–≤–Ω–æ–µ –¥–µ–ª–æ –ø–æ —Å—Ç–∞—Ç—å–µ ""–ò—Å—Ç—è–∑–∞–Ω–∏–µ"" –£–ö –ö–†.–ü–æ —Ç–µ–º–µ:–°–æ—Ç—Ä—É–¥–Ω–∏–∫–∏ –ì–ö–ù–ë –∑–∞–¥–µ—Ä–∂–∞–ª–∏ –º—É–∂—á–∏–Ω—É, –∫–æ—Ç–æ—Ä—ã–π –ø—Ä–µ—Å–ª–µ–¥–æ–≤–∞–ª –∏ –∏–∑–±–∏–≤–∞–ª –±—ã–≤—à—É—é —Å—É–ø—Ä—É–≥—É–£—á–∞—Å—Ç–∫–æ–≤—ã–µ –£–í–î –ü–µ—Ä–≤–æ–º–∞–π—Å–∫–æ–≥–æ —Ä–∞–π–æ–Ω–∞ –∑–∞–¥–µ—Ä–∂–∞–ª–∏ –ø–æ–¥–æ–∑—Ä–µ–≤–∞–µ–º–æ–≥–æ –ö. –ù., 1974 –≥–æ–¥–∞ —Ä–æ–∂–¥–µ–Ω–∏—è. –û–Ω –≤–æ–¥–≤–æ—Ä–µ–Ω –≤ –ò–í–°. –†–∞—Å—Å–ª–µ–¥–æ–≤–∞–Ω–∏–µ –ø—Ä–æ–¥–æ–ª–∂–∞–µ—Ç—Å—è.",
#,name,info,img
1,–í –ê–≤—Å—Ç—Ä–∞–ª–∏–∏ —Ö–æ—Ç—è—Ç —Ä–∞–∑—Ä–µ—à–∏—Ç—å –∏–≥–Ω–æ—Ä–∏—Ä–æ–≤–∞—Ç—å –∑–≤–æ–Ω–∫–∏ –Ω–∞—á–∞–ª—å–Ω–∏–∫–∞ –≤ –Ω–µ—Ä–∞–±–æ—á–µ–µ –≤—Ä–µ–º—è,"–í –ê–≤—Å—Ç—Ä–∞–ª–∏–∏ –Ω–∞ –∑–∞–∫–æ–Ω–æ–¥–∞—Ç–µ–ª—å–Ω–æ–º —É—Ä–æ–≤–Ω–µ –ø–ª–∞–Ω–∏—Ä—É—é—Ç –ø—Ä–∏–Ω—è—Ç—å –∑–∞–∫–æ–Ω, –ø—Ä–µ–¥–æ—Å—Ç–∞–≤–ª—è—é—â–∏–π –∞–≤—Å—Ç—Ä–∞–ª–∏–π—Ü–∞–º –ø—Ä–∞–≤–æ –∏–≥–Ω–æ—Ä–∏—Ä–æ–≤–∞—Ç—å –∑–≤–æ–Ω–∫–∏, SMS –∏ —ç–ª–µ–∫—Ç—Ä–æ–Ω–Ω—ã–µ –ø–∏—Å—å–º–∞ –Ω–∞—á–∞–ª—å—Å—Ç–≤–∞ –≤ –Ω–µ—Ä–∞–±–æ—á–µ–µ –≤—Ä–µ–º—è, –ø–µ—Ä–µ–¥–∞–µ—Ç news.com.au.–ü—Ä–∞–≤–æ –∏–≥–Ω–æ—Ä–∏—Ä–æ–≤–∞—Ç—å –Ω–µ–æ–±–æ—Å–Ω–æ–≤–∞–Ω–Ω—ã–µ –∑–≤–æ–Ω–∫–∏ –æ—Ç –Ω–∞—á–∞–ª—å—Å—Ç–≤–∞ –±—ã–ª–æ –≤–∫–ª—é—á–µ–Ω–æ –≤ –∫–∞—á–µ—Å—Ç–≤–µ –ø–æ–ø—Ä–∞–≤–∫–∏ –≤ –∑–∞–∫–æ–Ω–æ–ø—Ä–æ–µ–∫—Ç —Ñ–µ–¥–µ—Ä–∞–ª—å–Ω–æ–≥–æ –ø—Ä–∞–≤–∏—Ç–µ–ª—å—Å—Ç–≤–∞ ""–ü—Ä–∞–≤–æ –Ω–∞ –æ—Ç–∫–ª—é—á–µ–Ω–∏–µ"". –≠—Ç–æ –∏–∑–º–µ–Ω–µ–Ω–∏–µ –ø—Ä–∏–∑–≤–∞–Ω–æ –∑–∞—â–∏—Ç–∏—Ç—å —Å–æ—Ç—Ä—É–¥–Ω–∏–∫–æ–≤, –∫–æ—Ç–æ—Ä—ã–µ –æ—Ç–∫–∞–∑—ã–≤–∞—é—Ç—Å—è –æ—Ç–≤–µ—á–∞—Ç—å –Ω–∞ –Ω–µ–æ–±–æ—Å–Ω–æ–≤–∞–Ω–Ω—ã–µ –∑–≤–æ–Ω–∫–∏ —Å —Ä–∞–±–æ—Ç—ã –∏–ª–∏ –æ—Ç–≤–µ—á–∞—Ç—å –Ω–∞ —ç–ª–µ–∫—Ç—Ä–æ–Ω–Ω—ã–µ –ø–∏—Å—å–º–∞ –≤ –≤—ã—Ö–æ–¥–Ω—ã–µ –¥–Ω–∏.–î–∞–Ω–Ω—ã–π –∑–∞–∫–æ–Ω–æ–ø—Ä–æ–µ–∫—Ç –ø—Ä–æ—à–µ–ª –≤–µ—Ä—Ö–Ω—é—é –ø–∞–ª–∞—Ç—É –ø–∞—Ä–ª–∞–º–µ–Ω—Ç–∞, –ø—Ä–µ–¥–æ—Å—Ç–∞–≤–∏–≤ —Ä–∞–±–æ—Ç–Ω–∏–∫–∞–º –ø—Ä–∞–≤–æ –∏–≥–Ω–æ—Ä–∏—Ä–æ–≤–∞—Ç—å –∑–≤–æ–Ω–∫–∏ –∏ —ç–ª–µ–∫—Ç—Ä–æ–Ω–Ω—ã–µ –ø–∏—Å—å–º–∞ –≤ –Ω–µ—Ä–∞–±–æ—á–µ–µ –≤—Ä–µ–º—è, –Ω–µ –ø–æ–¥–≤–µ—Ä–≥–∞—è—Å—å –ø—Ä–∏ —ç—Ç–æ–º –Ω–∞–∫–∞–∑–∞–Ω–∏—é.–ü–æ —Ç–µ–º–µ:–î–µ–ø—É—Ç–∞—Ç –ø—Ä–µ–¥–ª–∞–≥–∞–µ—Ç –ø–æ–æ—â—Ä—è—Ç—å —Å–æ–æ–±—â–∏–≤—à–∏—Ö –æ –Ω–∞—Ä—É—à–µ–Ω–∏–∏ –ü–î–î - –¥–æ 50% –æ—Ç —Å—É–º–º—ã —à—Ç—Ä–∞—Ñ–∞–°–æ–≥–ª–∞—Å–Ω–æ –Ω–æ–≤–æ–º—É –∑–∞–∫–æ–Ω–æ–¥–∞—Ç–µ–ª—å—Å—Ç–≤—É, –µ—Å–ª–∏ —Ä–∞–±–æ—Ç–Ω–∏–∫ –≤—ã—Å–∫–∞–∂–µ—Ç –æ–ø–∞—Å–µ–Ω–∏—è –ø–æ –ø–æ–≤–æ–¥—É –ø–æ—Å—Ç–æ—è–Ω–Ω–æ–≥–æ –∫–æ–Ω—Ç–∞–∫—Ç–∞ —Å —Ä–∞–±–æ—Ç–æ–¥–∞—Ç–µ–ª–µ–º –≤ –Ω–µ—Ä–∞–±–æ—á–µ–µ –≤—Ä–µ–º—è, —Ç–æ –ø–æ—Å–ª–µ–¥–Ω–∏–π –º–æ–∂–µ—Ç –ø–æ–ª—É—á–∏—Ç—å —à—Ç—Ä–∞—Ñ –≤ —Ä–∞–∑–º–µ—Ä–µ $18 000.–¢–∞–∫–∂–µ –±—É–¥—É—Ç –≤–Ω–µ—Å–µ–Ω—ã –ø–æ–ø—Ä–∞–≤–∫–∏ –≤ –∑–∞–∫–æ–Ω –æ —Å–ø—Ä–∞–≤–µ–¥–ª–∏–≤–æ–º —Ç—Ä—É–¥–æ—É—Å—Ç—Ä–æ–π—Å—Ç–≤–µ, —á—Ç–æ–±—ã –ø—Ä–µ–¥–æ—Å—Ç–∞–≤–∏—Ç—å —Ä–∞–±–æ—Ç–Ω–∏–∫–∞–º –ø—Ä–∞–≤–æ ""–æ—Ç–∫–ª—é—á–∞—Ç—å—Å—è"", –æ–¥–Ω–∞–∫–æ –±—É–¥–µ—Ç –ø—Ä–∏–∑–Ω–∞–Ω–æ, —á—Ç–æ —É —Ä–∞–±–æ—Ç–æ–¥–∞—Ç–µ–ª–µ–π –µ—Å—Ç—å –∑–∞–∫–æ–Ω–Ω–∞—è –ø—Ä–∏—á–∏–Ω–∞ —Å–≤—è–∑—ã–≤–∞—Ç—å—Å—è —Å–æ —Å–≤–æ–∏–º–∏ —Å–æ—Ç—Ä—É–¥–Ω–∏–∫–∞–º–∏ –¥–æ–º–∞, –Ω–∞–ø—Ä–∏–º–µ—Ä, —á—Ç–æ–±—ã –∑–∞–ø–æ–ª–Ω–∏—Ç—å —Å–≤–æ–±–æ–¥–Ω—ã–µ —Å–º–µ–Ω—ã.–ö–∞–∫ –æ—Ç–º–µ—Ç–∏–ª–∏ –≤ Australian Broadcasting Corporation, –ø—Ä–∏ –ø—Ä–∏–Ω—è—Ç–∏–∏ —Ä–µ—à–µ–Ω–∏—è –±—É–¥—É—Ç —Ç–∞–∫–∂–µ —É—á–∏—Ç—ã–≤–∞—Ç—å, –∫–∞–∫ —á–∞—Å—Ç–æ —Ä–∞–±–æ—Ç–æ–¥–∞—Ç–µ–ª—å –∫–æ–Ω—Ç–∞–∫—Ç–∏—Ä—É–µ—Ç —Å —Å–æ—Ç—Ä—É–¥–Ω–∏–∫–æ–º, –∫–∞–∫ —Å –Ω–∏–º —Å–≤—è–∑—ã–≤–∞—é—Ç—Å—è, —Ö–∞—Ä–∞–∫—Ç–µ—Ä –∏—Ö –¥–æ–ª–∂–Ω–æ—Å—Ç–Ω–æ–π –∏–Ω—Å—Ç—Ä—É–∫—Ü–∏–∏ –∏ –æ–ø–ª–∞—Ç—É —Ç—Ä—É–¥–∞.–ü—Ä–µ–º—å–µ—Ä-–º–∏–Ω–∏—Å—Ç—Ä –≠–Ω—Ç–æ–Ω–∏ –ê–ª–±–∞–Ω–µ–∑–µ –ø–æ–¥–¥–µ—Ä–∂–∞–ª –¥–∞–Ω–Ω—ã–π –∑–∞–∫–æ–Ω–æ–ø—Ä–æ–µ–∫—Ç –≤–º–µ—Å—Ç–µ —Å —Å–µ–Ω–∞—Ç–æ—Ä–∞–º–∏ –î—ç–≤–∏–¥–æ–º –ü–æ–∫–æ–∫–æ–º –∏ –õ–∏–¥–∏–µ–π –¢–æ—Ä–ø.–í –æ—Ç—á–µ—Ç–µ, –æ–ø—É–±–ª–∏–∫–æ–≤–∞–Ω–Ω–æ–º –≤ 2022 –≥–æ–¥—É –¶–µ–Ω—Ç—Ä–æ–º –±—É–¥—É—â–µ–≥–æ –∞–≤—Å—Ç—Ä–∞–ª–∏–π—Å–∫–æ–≥–æ –∏–Ω—Å—Ç–∏—Ç—É—Ç–∞, –≥–æ–≤–æ—Ä–∏—Ç—Å—è, —á—Ç–æ 71 –ø—Ä–æ—Ü–µ–Ω—Ç –æ–ø—Ä–æ—à–µ–Ω–Ω—ã—Ö –ª—é–¥–µ–π –≤—ã–ø–æ–ª–Ω—è–ª–∏ —Ä–∞–±–æ—Ç—É –≤ –Ω–µ—Ä–∞–±–æ—á–µ–µ –≤—Ä–µ–º—è, –ø—Ä–∏—á–µ–º –º–Ω–æ–≥–∏–µ –¥–µ–ª–∞–ª–∏ —ç—Ç–æ –¥–ª—è —Ç–æ–≥–æ, —á—Ç–æ–±—ã —Å–æ–æ—Ç–≤–µ—Ç—Å—Ç–≤–æ–≤–∞—Ç—å –æ–∂–∏–¥–∞–Ω–∏—è–º —Ä–∞–±–æ—Ç–æ–¥–∞—Ç–µ–ª—è.–ü–æ –º–Ω–µ–Ω–∏—é –¥–æ—Ü–µ–Ω—Ç–∞ –∫–∞—Ñ–µ–¥—Ä—ã —Ç—Ä—É–¥–∞ –∏ –æ—Ä–≥–∞–Ω–∏–∑–∞—Ü–∏–æ–Ω–Ω—ã—Ö –∏—Å—Å–ª–µ–¥–æ–≤–∞–Ω–∏–π –°–∏–¥–Ω–µ–π—Å–∫–æ–≥–æ —É–Ω–∏–≤–µ—Ä—Å–∏—Ç–µ—Ç–∞ –ö—Ä–∏—Å–∞ –†–∞–π—Ç–∞, —ç—Ç–æ –º–æ–∂–µ—Ç –æ–∫–∞–∑–∞—Ç—å –∑–Ω–∞—á–∏—Ç–µ–ª—å–Ω–æ–µ –≤–ª–∏—è–Ω–∏–µ –Ω–∞ –ø—Å–∏—Ö–∏—á–µ—Å–∫–æ–µ –∑–¥–æ—Ä–æ–≤—å–µ –∏ –±–ª–∞–≥–æ–ø–æ–ª—É—á–∏–µ —Å–æ—Ç—Ä—É–¥–Ω–∏–∫–æ–≤.–§–æ—Ç–æ –Ω–∞ –≥–ª–∞–≤–Ω–æ–π —Å—Ç—Ä–∞–Ω–∏—Ü–µ –∏–ª–ª—é—Å—Ç—Ä–∞—Ç–∏–≤–Ω–æ–µ: SmartCompany.",
#,name,info,img
1,–ö–∞—Ä–º–∞–Ω–Ω—ã–µ –∫—Ä–∞–∂–∏ –Ω–∞ —Ä—ã–Ω–∫–µ –≤ –î–∂–∞–ª–∞–ª-–ê–±–∞–¥–µ. –ü–æ–¥–æ–∑—Ä–µ–≤–∞–µ–º–æ–≥–æ –∑–∞–¥–µ—Ä–∂–∞–ª–∏ –≤ –ë–∏—à–∫–µ–∫–µ,"–í –ë–∏—à–∫–µ–∫–µ –∑–∞–¥–µ—Ä–∂–∞–ª–∏ –ø–æ–¥–æ–∑—Ä–µ–≤–∞–µ–º–æ–≥–æ –≤ —Å–æ–≤–µ—Ä—à–µ–Ω–∏–∏ –∫–∞—Ä–º–∞–Ω–Ω—ã—Ö –∫—Ä–∞–∂ –Ω–∞ —Ä—ã–Ω–∫–µ –≤ –î–∂–∞–ª–∞–ª-–ê–±–∞–¥–µ. –û–± —ç—Ç–æ–º —Å–æ–æ–±—â–∏–ª–∏ –≤ –ø—Ä–µ—Å—Å-—Å–ª—É–∂–±–µ –£–í–î –î–∂–∞–ª–∞–ª-–ê–±–∞–¥—Å–∫–æ–π –æ–±–ª–∞—Å—Ç–∏.–ò–∑–≤–µ—Å—Ç–Ω–æ, —á—Ç–æ —Å –∑–∞—è–≤–ª–µ–Ω–∏–µ–º –≤ –û–í–î –î–∂–∞–ª–∞–ª-–ê–±–∞–¥–∞ –æ–±—Ä–∞—Ç–∏–ª–∞—Å—å 30-–ª–µ—Ç–Ω—è—è –∂–∏—Ç–µ–ª—å–Ω–∏—Ü–∞. –û–Ω–∞ —Å–æ–æ–±—â–∏–ª–∞, —á—Ç–æ 31 —è–Ω–≤–∞—Ä—è –ø—Ä–∏–º–µ—Ä–Ω–æ –≤ 14:40 –Ω–∞ —Ü–µ–Ω—Ç—Ä–∞–ª—å–Ω–æ–º —Ä—ã–Ω–∫–µ –î–∂–∞–ª–∞–ª-–ê–±–∞–¥–∞ –Ω–µ–∏–∑–≤–µ—Å—Ç–Ω—ã–π –≤—ã—Ç–∞—â–∏–ª –∏–∑ –∫–∞—Ä–º–∞–Ω–∞ –µ–µ –æ–¥–µ–∂–¥—ã –º–æ–±–∏–ª—å–Ω—ã–π —Ç–µ–ª–µ—Ñ–æ–Ω –º–∞—Ä–∫–∏ Samsung –ê23.–ü–æ –¥–∞–Ω–Ω–æ–º—É —Ñ–∞–∫—Ç—É –±—ã–ª–æ –≤–æ–∑–±—É–∂–¥–µ–Ω–æ —É–≥–æ–ª–æ–≤–Ω–æ–µ –¥–µ–ª–æ –ø–æ —Å—Ç. ""–ö—Ä–∞–∂–∞"" –£–ö –ö–†. –° 22 —è–Ω–≤–∞—Ä—è –ø–æ 22 —Ñ–µ–≤—Ä–∞–ª—è –Ω–∞ —Ç–µ—Ä—Ä–∏—Ç–æ—Ä–∏–∏ –î–∂–∞–ª–∞–ª-–ê–±–∞–¥—Å–∫–æ–π –æ–±–ª–∞—Å—Ç–∏ –ø—Ä–æ—Ö–æ–¥—è—Ç —Ä–µ–π–¥–æ–≤—ã–µ –º–µ—Ä–æ–ø—Ä–∏—è—Ç–∏—è, –Ω–∞–ø—Ä–∞–≤–ª–µ–Ω–Ω—ã–µ –Ω–∞ —Ä–∞—Å–∫—Ä—ã—Ç–∏–µ –ø—Ä–µ—Å—Ç—É–ø–ª–µ–Ω–∏–π, —Å–≤—è–∑–∞–Ω–Ω—ã—Ö —Å –∫–∞—Ä–º–∞–Ω–Ω—ã–º–∏ –∫—Ä–∞–∂–∞–º–∏, –∞ —Ç–∞–∫–∂–µ –ø—Ä–æ—Ñ–∏–ª–∞–∫—Ç–∏–∫—É —Ç–∞–∫–∏—Ö –ø—Ä–µ—Å—Ç—É–ø–ª–µ–Ω–∏–π.–°–æ—Ç—Ä—É–¥–Ω–∏–∫–∏ —É–≥–æ–ª–æ–≤–Ω–æ–≥–æ —Ä–æ–∑—ã—Å–∫–∞ –û–í–î –î–∂–∞–ª–∞–ª-–ê–±–∞–¥–∞ –∏ –£–í–î –î–∂–∞–ª–∞–ª-–ê–±–∞–¥—Å–∫–æ–π –æ–±–ª–∞—Å—Ç–∏ –∑–∞–¥–µ—Ä–∂–∞–ª–∏ –ø–æ–¥–æ–∑—Ä–µ–≤–∞–µ–º–æ–≥–æ. –ò–º –æ–∫–∞–∑–∞–ª—Å—è –∂–∏—Ç–µ–ª—å –ë–∞–∑–∞—Ä-–ö–æ—Ä–≥–æ–Ω—Å–∫–æ–≥–æ —Ä–∞–π–æ–Ω–∞ –ú. –î., 1984 –≥–æ–¥–∞ —Ä–æ–∂–¥–µ–Ω–∏—è. –ï–≥–æ –∑–∞–¥–µ—Ä–∂–∞–ª–∏ –≤ –ë–∏—à–∫–µ–∫–µ, –∞ –ø–æ—Å–ª–µ –¥–æ—Å—Ç–∞–≤–∏–ª–∏ –≤ –î–∂–∞–ª–∞–ª-–ê–±–∞–¥ –∏ –≤–æ–¥–≤–æ—Ä–∏–ª–∏ –≤ –ò–í–°.–ü–æ —Ç–µ–º–µ:–í –ë–∏—à–∫–µ–∫–µ –∑–∞–¥–µ—Ä–∂–∞–ª–∏ –ø–æ–¥–æ–∑—Ä–µ–≤–∞–µ–º—ã—Ö –≤ —Å–æ–≤–µ—Ä—à–µ–Ω–∏–∏ –∫–≤–∞—Ä—Ç–∏—Ä–Ω—ã—Ö –∫—Ä–∞–∂–í —Ö–æ–¥–µ —Å–ª–µ–¥—Å—Ç–≤–µ–Ω–Ω—ã—Ö –º–µ—Ä–æ–ø—Ä–∏—è—Ç–∏–π –±—ã–ª–æ —É—Å—Ç–∞–Ω–æ–≤–ª–µ–Ω–æ, —á—Ç–æ –ø–æ–¥–æ–∑—Ä–µ–≤–∞–µ–º—ã–π –∏–º–µ–µ—Ç –æ—Ç–Ω–æ—à–µ–Ω–∏–µ –∏ –∫ –¥—Ä—É–≥–∏–º —Ñ–∞–∫—Ç–∞–º –∫–∞—Ä–º–∞–Ω–Ω—ã—Ö –∫—Ä–∞–∂. –ï–≥–æ –ø–æ–¥–æ–∑—Ä–µ–≤–∞—é—Ç –≤ –∫—Ä–∞–∂–µ –µ—â–µ –Ω–µ—Å–∫–æ–ª—å–∫–∏—Ö –º–æ–±–∏–ª—å–Ω—ã—Ö —Ç–µ–ª–µ—Ñ–æ–Ω–æ–≤ –Ω–∞ —Ç–µ—Ä—Ä–∏—Ç–æ—Ä–∏–∏ –î–∂–∞–ª–∞–ª-–ê–±–∞–¥–∞. –°–ª–µ–¥—Å—Ç–≤–µ–Ω–Ω—ã–µ –º–µ—Ä–æ–ø—Ä–∏—è—Ç–∏—è –ø—Ä–æ–¥–æ–ª–∂–∞—é—Ç—Å—è.",
#,name,info,img
1,–í –¢—É—Ä–∫–º–µ–Ω–∏—Å—Ç–∞–Ω–µ –≥—Ä–∞–∂–¥–∞–Ω –æ–±—è–∑—ã–≤–∞—é—Ç –≤–∫–ª—é—á–∞—Ç—å –Ω–∞ —Å–≤–∞–¥—å–±–∞—Ö –ø–µ—Å–Ω–∏ –ì—É—Ä–±–∞–Ω–≥—É–ª—ã –ë–µ—Ä–¥—ã–º—É—Ö–∞–º–µ–¥–æ–≤–∞,"–í–ª–∞—Å—Ç–∏ –≤ –∑–∞–ø–∞–¥–Ω—ã—Ö –æ–±–ª–∞—Å—Ç—è—Ö –¢—É—Ä–∫–º–µ–Ω–∏—Å—Ç–∞–Ω–∞ –æ–±—è–∑—ã–≤–∞—é—Ç –º–µ—Å—Ç–Ω—ã—Ö –∂–∏—Ç–µ–ª–µ–π –≤–∫–ª—é—á–∞—Ç—å –ø–µ—Å–Ω–∏ —ç–∫—Å-–ø—Ä–µ–∑–∏–¥–µ–Ω—Ç–∞ –ì—É—Ä–±–∞–Ω–≥—É–ª—ã –ë–µ—Ä–¥—ã–º—É—Ö–∞–º–µ–¥–æ–≤–∞ –Ω–∞ —Å–≤–∞–¥–µ–±–Ω—ã—Ö —Ç–æ—Ä–∂–µ—Å—Ç–≤–∞—Ö –∏ –∏—Å–∫–ª—é—á–∏—Ç—å –∏–Ω–æ—Å—Ç—Ä–∞–Ω–Ω—É—é –º—É–∑—ã–∫—É –∏–∑ –ø–ª–µ–π–ª–∏—Å—Ç–æ–≤, —Å–æ–æ–±—â–∞–µ—Ç ""–†–∞–¥–∏–æ –ê–∑–∞—Ç–ª—ã–∫"".–ü–æ —Ç–µ–º–µ:""–ê–≤—Ç–æ—Ä–∏—Ç–∞—Ä–Ω–∞—è —Å—Ç—Ä–∞–Ω–∞"". –°–Ω–∏–∑–∏–ª–∞—Å—å –ø–æ–∑–∏—Ü–∏—è –ö–† –≤ —Ä–µ–π—Ç–∏–Ω–≥–µ –≤–æ—Å–ø—Ä–∏—è—Ç–∏—è –∫–æ—Ä—Ä—É–ø—Ü–∏–∏ (–∏–Ω—Ñ–æ–≥—Ä–∞—Ñ–∏–∫–∞)–û—Ç–º–µ—á–∞–µ—Ç—Å—è, —á—Ç–æ –æ—Ñ–∏—Ü–∏–∞–ª—å–Ω–æ–≥–æ –ø–æ—Å—Ç–∞–Ω–æ–≤–ª–µ–Ω–∏—è –Ω–µ –±—ã–ª–æ, –Ω–æ –∏–Ω—Å—Ç—Ä—É–∫—Ü–∏–∏ —É—Å—Ç–Ω–æ –ø–µ—Ä–µ–¥–∞—é—Ç—Å—è –±—É–¥—É—â–∏–º –∂–µ–Ω–∏—Ö–∞–º –∏ –Ω–µ–≤–µ—Å—Ç–∞–º, –∫–æ–≥–¥–∞ –æ–Ω–∏ –ø–æ–¥–∞—é—Ç –∑–∞—è–≤–ª–µ–Ω–∏–µ –≤ –∑–∞–≥—Å.""–ó–∞–≥—Å—ã –ø—Ä–µ–¥—É–ø—Ä–µ–∂–¥–∞—é—Ç –±—É–¥—É—â–∏–µ –ø–∞—Ä—ã, —á—Ç–æ –∏—Ö —Å–≤–∞–¥–µ–±–Ω—ã–µ —Ç–æ—Ä–∂–µ—Å—Ç–≤–∞ –¥–æ–ª–∂–Ω—ã —Å–æ–ø—Ä–æ–≤–æ–∂–¥–∞—Ç—å—Å—è –∏—Å–∫–ª—é—á–∏—Ç–µ–ª—å–Ω–æ —Ç—É—Ä–∫–º–µ–Ω—Å–∫–æ–π –º—É–∑—ã–∫–æ–π, –∞ —Å–∞–º–∞ —Å–≤–∞–¥—å–±–∞ –¥–æ–ª–∂–Ω–∞ –ø—Ä–æ—Ö–æ–¥–∏—Ç—å –≤ —Ç—É—Ä–∫–º–µ–Ω—Å–∫–æ–º —Å—Ç–∏–ª–µ"", - —Å–æ–æ–±—â–∞–µ—Ç –∏—Å—Ç–æ—á–Ω–∏–∫ –≤ –ë–∞–ª–∫–∞–Ω—Å–∫–æ–º –≤–µ–ª–∞—è—Ç–µ.–û –Ω–æ–≤—ã—Ö –ø—Ä–∞–≤–∏–ª–∞—Ö –∑–∞ –ø–æ—Å–ª–µ–¥–Ω–∏–µ –Ω–µ–¥–µ–ª–∏ —Ç–∞–∫–∂–µ –ø—Ä–µ–¥—É–ø—Ä–µ–¥–∏–ª–∏ –≤–ª–∞–¥–µ–ª—å—Ü–µ–≤ –∏ —Å–æ—Ç—Ä—É–¥–Ω–∏–∫–æ–≤ –º–µ—Å—Ç –¥–ª—è –ø—Ä–æ–≤–µ–¥–µ–Ω–∏—è —Å–≤–∞–¥–µ–±, —Ä–µ—Å—Ç–æ—Ä–∞–Ω–æ–≤ –∏ –±–∞–Ω–∫–µ—Ç–Ω—ã—Ö –∑–∞–ª–æ–≤.""–í–ª–∞–¥–µ–ª—å—Ü—ã —Ä–µ—Å—Ç–æ—Ä–∞–Ω–æ–≤, –≤ –∫–æ—Ç–æ—Ä—ã—Ö –ø—Ä–æ–≤–æ–¥—è—Ç—Å—è —Å–≤–∞–¥—å–±—ã, —Å–ª–µ–¥—è—Ç –∑–∞ —Ç–µ–º, —á—Ç–æ–±—ã –Ω–µ –º–µ–Ω–µ–µ 80% –ø–µ—Å–µ–Ω –±—ã–ª–∏ –Ω–∞ —Ç—É—Ä–∫–º–µ–Ω—Å–∫–æ–º —è–∑—ã–∫–µ"", - —Å–æ–æ–±—â–∏–ª –Ω–∞ —É—Å–ª–æ–≤–∏—è—Ö –∞–Ω–æ–Ω–∏–º–Ω–æ—Å—Ç–∏ –æ–¥–∏–Ω –∏–∑ —Å–æ—Ç—Ä—É–¥–Ω–∏–∫–æ–≤ —Ä–µ—Å—Ç–æ—Ä–∞–Ω–∞.–ù–µ–≤—ã–ø–æ–ª–Ω–µ–Ω–∏–µ —É–∫–∞–∑–∞–Ω–∏–π –≤–ª–∞—Å—Ç–µ–π –∏ –∫—Ä–∏—Ç–∏–∫–∞ –ø–æ–ª–∏—Ç–∏–∫–∏ –ø—Ä–∞–≤–∏—Ç–µ–ª—å—Å—Ç–≤–∞ –≤ —Å—Ç—Ä–∞–Ω–µ –Ω–µ –¥–æ–ø—É—Å–∫–∞—é—Ç—Å—è.–†–∞—Å—Å–∫–∞–∑—ã–≤–∞—è –æ –Ω–µ–¥–∞–≤–Ω–µ–π —Å–≤–∞–¥—å–±–µ, —Å–æ—Ç—Ä—É–¥–Ω–∏–∫ —Ä–µ—Å—Ç–æ—Ä–∞–Ω–∞ —É–ø–æ–º—è–Ω—É–ª, —á—Ç–æ –≤ —Ä–µ–ø–µ—Ä—Ç—É–∞—Ä —Å –±–æ–ª—å—à–∏–º –∫–æ–ª–∏—á–µ—Å—Ç–≤–æ–º —Ç—É—Ä–∫–º–µ–Ω—Å–∫–∏—Ö –ø–µ—Å–µ–Ω –≤–∫–ª—é—á–∏–ª–∏ —Ç—Ä–∞–¥–∏—Ü–∏–æ–Ω–Ω—ã–π —Ç—É—Ä–∫–º–µ–Ω—Å–∫–∏–π –Ω–∞—Ä–æ–¥–Ω—ã–π —Ç–∞–Ω–µ—Ü –∫—É—à –¥–µ–ø—Ç–∏ –∏ –¥–≤–µ –ø–µ—Å–Ω–∏ –ì—É—Ä–±–∞–Ω–≥—É–ª—ã –ë–µ—Ä–¥—ã–º—É—Ö–∞–º–µ–¥–æ–≤–∞.""–ü–µ—Å–Ω–∏ –ë–µ—Ä–¥—ã–º—É—Ö–∞–º–µ–¥–æ–≤–∞, –∫–∞–∂–¥—É—é –ø—Ä–æ–¥–æ–ª–∂–∏—Ç–µ–ª—å–Ω–æ—Å—Ç—å—é –ø–æ —Å–µ–º—å –º–∏–Ω—É—Ç, –¥–∏–¥–∂–µ–π –æ–±—è–∑–∞–Ω –±—ã–ª –ø—Ä–æ–∏–≥—Ä–∞—Ç—å –¥–≤–∞–∂–¥—ã"", - –¥–æ–±–∞–≤–∏–ª –æ–Ω.–ë—ã–≤—à–∏–π –ø—Ä–µ–∑–∏–¥–µ–Ω—Ç –¢—É—Ä–∫–º–µ–Ω–∏—Å—Ç–∞–Ω–∞ –ø–∏—à–µ—Ç –ø–µ—Å–Ω–∏ –æ —Å–≤–æ–µ–º –Ω–∞—Ä–æ–¥–µ, –æ —Å—Ç—Ä–∞–Ω–µ, –æ –º–æ–ª–æ–¥–µ–∂–∏ –∏ –æ —Å–≤–æ–µ–º –ª—é–±–∏–º–æ–º –∫–æ–Ω–µ.",
#,name,info,img
1,–°–±–æ—Ä–Ω–∞—è –ö–∞—Ç–∞—Ä–∞ –≤—Ç–æ—Ä–æ–π —Ä–∞–∑ –ø–æ–¥—Ä—è–¥ –≤—ã–∏–≥—Ä–∞–ª–∞ –ö—É–±–æ–∫ –ê–∑–∏–∏,"–°–±–æ—Ä–Ω–∞—è –ö–∞—Ç–∞—Ä–∞ –æ–¥–µ—Ä–∂–∞–ª–∞ –ø–æ–±–µ–¥—É –Ω–∞–¥ –∫–æ–º–∞–Ω–¥–æ–π –ò–æ—Ä–¥–∞–Ω–∏–∏ –≤ —Ñ–∏–Ω–∞–ª–µ –¥–æ–º–∞—à–Ω–µ–≥–æ –ö—É–±–∫–∞ –ê–∑–∏–∏ –ø–æ —Ñ—É—Ç–±–æ–ª—É.–ü–æ —Ç–µ–º–µ:–û—Ñ–∏—Ü–∏–∞–ª—å–Ω–æ. –ö–∞–º—á—ã–±–µ–∫ –¢–∞—à–∏–µ–≤ - –µ–¥–∏–Ω—Å—Ç–≤–µ–Ω–Ω—ã–π –∫–∞–Ω–¥–∏–¥–∞—Ç –Ω–∞ –ø–æ—Å—Ç –≥–ª–∞–≤—ã –§—É—Ç–±–æ–ª—å–Ω–æ–≥–æ —Å–æ—é–∑–∞–í—Å—Ç—Ä–µ—á–∞ –≤ –õ—É—Å–∞–∏–ª–µ –∑–∞–≤–µ—Ä—à–∏–ª–∞—Å—å —Å–æ —Å—á–µ—Ç–æ–º 3:1. –í —Å–æ—Å—Ç–∞–≤–µ –∫–∞—Ç–∞—Ä—Å–∫–æ–π —Å–±–æ—Ä–Ω–æ–π —Ö–µ—Ç‚Äë—Ç—Ä–∏–∫ –æ—Ñ–æ—Ä–º–∏–ª –ê–∫—Ä–∞–º –ê—Ñ–∏—Ñ, –≤—Å–µ –º—è—á–∏ –∑–∞–±–∏–≤ —Å –ø–µ–Ω–∞–ª—å—Ç–∏. –£ –∏–æ—Ä–¥–∞–Ω—Ü–µ–≤ –æ—Ç–ª–∏—á–∏–ª—Å—è –Ø–∑–∞–Ω –ê–ª—å‚Äë–ù–∞–π–º–∞—Ç.–°–±–æ—Ä–Ω–∞—è –ö–∞—Ç–∞—Ä–∞ —Å—Ç–∞–ª–∞ –ø–æ–±–µ–¥–∏—Ç–µ–ª–µ–º –ö—É–±–∫–∞ –ê–∑–∏–∏ –≤–æ –≤—Ç–æ—Ä–æ–π —Ä–∞–∑ –≤ –∏—Å—Ç–æ—Ä–∏–∏, –ø–µ—Ä–≤—ã–π —Ç—Ä–æ—Ñ–µ–π –∫–æ–º–∞–Ω–¥–∞ –≤—ã–∏–≥—Ä–∞–ª–∞ –Ω–∞ –ø—Ä–æ—à–ª–æ–º —Ç—É—Ä–Ω–∏—Ä–µ –≤ 2019 –≥–æ–¥—É.",
